id,transaccion,compra_venta,nombre_producto,cantidad,precio_unitario,fecha
1,1,compra,pizza,3,7,2020-01-01
2,2,compra,boing,10,4,2020-01-01
3,3,compra,pizza,8,7,2020-01-01
4,4,compra,pizza,3,7,2020-01-01
5,6,compra,chocolate,9,2,2020-01-01
6,6,venta,sabritas,6,7,2020-01-01
7,7,venta,boing,6,12,2020-01-02
8,8,compra,galletas,8,5,2020-01-02
9,9,venta,galletas,1,8,2020-01-02
10,11,venta,pinguinos,1,11,2020-01-02
11,11,venta,pinguinos,1,12,2020-01-02
12,12,compra,gatorade,9,6,2020-01-02
13,14,compra,sabritas,6,4,2020-01-03
14,14,venta,gansito,2,11,2020-01-03
15,16,compra,pinguinos,6,5,2020-01-03
16,16,venta,boing,3,10,2020-01-03
17,17,venta,chocolate,1,11,2020-01-03
18,18,compra,boing,9,6,2020-01-03
19,19,compra,pizza,7,7,2020-01-04
20,21,venta,pinguinos,3,10,2020-01-04
21,21,venta,galletas,3,11,2020-01-04
22,23,venta,galletas,5,9,2020-01-04
23,24,compra,chocolate,4,7,2020-01-04
24,24,venta,chicles,3,7,2020-01-04
25,25,compra,pizza,9,7,2020-01-05
26,26,venta,galletas,1,12,2020-01-05
27,27,compra,gansito,8,6,2020-01-05
28,28,venta,palomitas,2,10,2020-01-05
29,29,compra,pizza,9,7,2020-01-05
30,30,venta,chocolate,4,11,2020-01-05
31,31,compra,gansito,3,2,2020-01-06
32,32,compra,gansito,10,5,2020-01-06
33,33,compra,pinguinos,7,7,2020-01-06
34,34,compra,palomitas,10,7,2020-01-06
35,36,venta,palomitas,1,12,2020-01-06
36,36,compra,boing,4,6,2020-01-06
37,37,venta,chocolate,2,11,2020-01-07
38,38,compra,gatorade,9,6,2020-01-07
39,39,venta,pizza,1,12,2020-01-07
40,40,compra,galletas,1,7,2020-01-07
41,41,compra,boing,4,5,2020-01-07
42,42,compra,boing,4,5,2020-01-07
43,43,compra,pizza,6,7,2020-01-08
44,44,compra,pinguinos,7,4,2020-01-08
45,45,compra,chicles,5,3,2020-01-08
46,46,venta,pizza,8,12,2020-01-08
47,47,venta,gatorade,2,11,2020-01-08
48,48,compra,gansito,8,4,2020-01-08
49,49,compra,pinguinos,5,7,2020-01-09
50,50,compra,sabritas,7,4,2020-01-09
51,51,compra,gansito,4,5,2020-01-09
52,52,venta,sabritas,4,10,2020-01-09
53,53,compra,galletas,7,7,2020-01-09
54,55,venta,boing,7,12,2020-01-09
55,55,venta,sabritas,3,10,2020-01-10
56,57,compra,gansito,7,4,2020-01-10
57,57,compra,chocolate,6,6,2020-01-10
58,59,compra,galletas,5,5,2020-01-10
59,59,compra,palomitas,5,6,2020-01-10
60,60,compra,chocolate,4,4,2020-01-10
61,61,venta,pizza,2,12,2020-01-11
62,62,compra,sabritas,5,3,2020-01-11
63,63,compra,gansito,8,5,2020-01-11
64,64,venta,chicles,3,4,2020-01-11
65,66,venta,gansito,9,10,2020-01-11
66,66,venta,boing,4,9,2020-01-11
67,67,venta,pizza,3,12,2020-01-12
68,68,venta,boing,3,9,2020-01-12
69,70,venta,gatorade,2,12,2020-01-12
70,70,compra,gansito,8,5,2020-01-12
71,71,compra,gansito,5,5,2020-01-12
72,72,compra,boing,6,6,2020-01-12
73,73,compra,gansito,9,4,2020-01-13
74,74,venta,gatorade,4,11,2020-01-13
75,75,venta,pinguinos,2,8,2020-01-13
76,77,venta,sabritas,2,9,2020-01-13
77,77,venta,boing,6,8,2020-01-13
78,78,venta,pizza,2,12,2020-01-13
79,80,compra,gansito,6,6,2020-01-14
80,80,venta,palomitas,2,11,2020-01-14
81,81,venta,chicles,5,4,2020-01-14
82,82,compra,gatorade,5,6,2020-01-14
83,83,venta,boing,1,12,2020-01-14
84,84,venta,galletas,1,10,2020-01-14
85,85,venta,palomitas,1,10,2020-01-15
86,86,venta,gatorade,1,12,2020-01-15
87,87,venta,pizza,9,12,2020-01-15
88,88,compra,pinguinos,7,4,2020-01-15
89,89,compra,pinguinos,6,7,2020-01-15
90,90,compra,gansito,9,2,2020-01-15
91,91,compra,sabritas,10,4,2020-01-16
92,92,venta,chicles,3,8,2020-01-16
93,93,venta,gatorade,5,11,2020-01-16
94,94,venta,chicles,3,3,2020-01-16
95,95,venta,chocolate,4,10,2020-01-16
96,96,venta,pinguinos,2,11,2020-01-16
97,97,venta,pinguinos,1,11,2020-01-17
98,98,compra,gatorade,6,7,2020-01-17
99,99,venta,sabritas,3,12,2020-01-17
100,100,venta,gatorade,1,11,2020-01-17
101,101,venta,palomitas,9,10,2020-01-17
102,102,venta,pinguinos,1,9,2020-01-17
103,104,venta,chocolate,7,7,2020-01-18
104,104,compra,sabritas,1,7,2020-01-18
105,105,compra,boing,3,6,2020-01-18
106,106,compra,sabritas,6,4,2020-01-18
107,107,compra,boing,8,7,2020-01-18
108,108,compra,chocolate,3,2,2020-01-18
109,109,compra,gansito,4,3,2020-01-19
110,110,compra,sabritas,10,3,2020-01-19
111,112,compra,chicles,10,1,2020-01-19
112,112,compra,pizza,8,7,2020-01-19
113,113,compra,pinguinos,6,7,2020-01-19
114,114,venta,galletas,1,8,2020-01-19
115,115,compra,chicles,8,2,2020-01-20
116,117,venta,pinguinos,2,10,2020-01-20
117,118,compra,sabritas,2,7,2020-01-20
118,119,compra,gansito,9,4,2020-01-20
119,119,compra,palomitas,7,4,2020-01-20
120,120,venta,galletas,1,8,2020-01-20
121,121,compra,pinguinos,10,3,2020-01-21
122,123,compra,pizza,8,7,2020-01-21
123,124,venta,pinguinos,4,10,2020-01-21
124,124,compra,palomitas,2,6,2020-01-21
125,125,compra,palomitas,7,7,2020-01-21
126,126,venta,galletas,5,9,2020-01-21
127,127,compra,galletas,10,5,2020-01-22
128,128,venta,chicles,1,5,2020-01-22
129,129,venta,boing,2,9,2020-01-22
130,130,venta,pizza,10,12,2020-01-22
131,131,compra,pinguinos,9,4,2020-01-22
132,132,venta,galletas,4,12,2020-01-22
133,133,venta,galletas,3,11,2020-01-23
134,135,compra,gansito,3,2,2020-01-23
135,135,venta,pizza,3,12,2020-01-23
136,136,compra,pinguinos,9,3,2020-01-23
137,138,compra,boing,8,4,2020-01-23
138,138,venta,pinguinos,2,11,2020-01-23
139,139,venta,chocolate,10,10,2020-01-24
140,140,venta,boing,3,7,2020-01-24
141,141,compra,pizza,7,7,2020-01-24
142,142,compra,chocolate,6,6,2020-01-24
143,144,venta,galletas,8,10,2020-01-24
144,144,venta,chocolate,3,8,2020-01-24
145,145,venta,gatorade,2,12,2020-01-25
146,146,compra,pizza,9,7,2020-01-25
147,148,compra,chocolate,7,2,2020-01-25
148,148,compra,sabritas,5,7,2020-01-25
149,150,compra,gatorade,6,6,2020-01-25
150,150,venta,pinguinos,1,8,2020-01-25
151,152,venta,pinguinos,1,11,2020-01-26
152,152,venta,palomitas,4,11,2020-01-26
153,153,compra,pinguinos,7,4,2020-01-26
154,154,venta,pizza,2,12,2020-01-26
155,156,compra,palomitas,6,5,2020-01-26
156,156,venta,gansito,1,7,2020-01-26
157,157,venta,gansito,2,12,2020-01-27
158,158,compra,sabritas,5,5,2020-01-27
159,159,venta,pizza,4,12,2020-01-27
160,160,compra,pizza,9,7,2020-01-27
161,161,venta,chicles,1,7,2020-01-27
162,162,compra,pizza,4,7,2020-01-27
163,164,compra,pinguinos,5,4,2020-01-28
164,164,venta,chocolate,6,8,2020-01-28
165,165,venta,pinguinos,2,9,2020-01-28
166,167,venta,palomitas,2,10,2020-01-28
167,167,compra,chicles,9,2,2020-01-28
168,168,compra,palomitas,8,7,2020-01-28
169,169,venta,palomitas,4,10,2020-01-29
170,170,compra,gansito,8,5,2020-01-29
171,171,compra,sabritas,7,5,2020-01-29
172,172,compra,gansito,7,7,2020-01-29
173,173,venta,galletas,1,12,2020-01-29
174,174,venta,pizza,1,12,2020-01-29
175,175,compra,gatorade,9,6,2020-01-30
176,176,compra,gatorade,7,6,2020-01-30
177,177,compra,gatorade,6,7,2020-01-30
178,178,venta,boing,1,9,2020-01-30
179,179,venta,galletas,2,10,2020-01-30
180,180,venta,gatorade,4,11,2020-01-30
181,181,venta,palomitas,2,10,2020-01-31
182,182,compra,pinguinos,5,6,2020-01-31
183,183,compra,boing,3,5,2020-01-31
184,184,compra,pinguinos,5,7,2020-01-31
185,185,compra,palomitas,6,6,2020-01-31
186,186,compra,gatorade,5,7,2020-01-31
187,187,venta,pizza,4,12,2020-02-01
188,188,venta,gansito,6,9,2020-02-01
189,190,venta,boing,6,10,2020-02-01
190,190,venta,boing,7,10,2020-02-01
191,191,compra,sabritas,4,5,2020-02-01
192,192,compra,chocolate,9,6,2020-02-01
193,193,venta,chicles,10,7,2020-02-02
194,194,compra,chicles,8,0,2020-02-02
195,196,venta,pinguinos,4,8,2020-02-02
196,197,venta,palomitas,1,6,2020-02-02
197,197,compra,sabritas,5,7,2020-02-02
198,198,compra,galletas,10,7,2020-02-02
199,200,compra,gatorade,10,7,2020-02-03
200,201,venta,chicles,4,7,2020-02-03
201,202,compra,chicles,2,1,2020-02-03
202,203,compra,palomitas,6,6,2020-02-03
203,203,compra,galletas,3,5,2020-02-03
204,204,venta,gansito,10,9,2020-02-03
205,205,venta,boing,7,7,2020-02-04
206,207,venta,sabritas,6,11,2020-02-04
207,207,compra,palomitas,5,6,2020-02-04
208,208,compra,chocolate,4,3,2020-02-04
209,209,venta,pizza,6,12,2020-02-04
210,210,venta,pizza,9,12,2020-02-04
211,211,compra,chicles,10,1,2020-02-05
212,212,venta,gansito,1,10,2020-02-05
213,213,compra,galletas,7,3,2020-02-05
214,214,compra,pinguinos,5,6,2020-02-05
215,215,compra,chicles,7,1,2020-02-05
216,216,compra,sabritas,10,6,2020-02-05
217,217,compra,palomitas,6,5,2020-02-06
218,218,compra,pizza,3,7,2020-02-06
219,219,compra,sabritas,10,6,2020-02-06
220,220,compra,chocolate,8,5,2020-02-06
221,221,compra,gansito,7,5,2020-02-06
222,222,compra,pinguinos,10,4,2020-02-06
223,224,venta,gatorade,1,11,2020-02-07
224,224,venta,chocolate,8,9,2020-02-07
225,225,compra,sabritas,7,7,2020-02-07
226,226,venta,boing,6,9,2020-02-07
227,228,venta,palomitas,1,12,2020-02-07
228,228,compra,boing,7,4,2020-02-07
229,229,compra,gansito,8,3,2020-02-08
230,230,venta,palomitas,4,11,2020-02-08
231,231,compra,chocolate,5,6,2020-02-08
232,233,compra,chicles,6,2,2020-02-08
233,233,venta,chicles,4,8,2020-02-08
234,234,venta,gansito,2,11,2020-02-08
235,235,compra,chocolate,8,5,2020-02-09
236,236,compra,boing,9,6,2020-02-09
237,237,compra,palomitas,6,6,2020-02-09
238,238,compra,galletas,5,4,2020-02-09
239,239,compra,chicles,8,0,2020-02-09
240,240,compra,pizza,7,7,2020-02-09
241,241,compra,gansito,9,6,2020-02-10
242,242,venta,chocolate,1,7,2020-02-10
243,243,venta,gatorade,1,12,2020-02-10
244,244,compra,sabritas,9,4,2020-02-10
245,245,venta,palomitas,3,10,2020-02-10
246,246,compra,chicles,4,0,2020-02-10
247,247,compra,gatorade,9,6,2020-02-11
248,248,compra,pizza,9,7,2020-02-11
249,249,venta,boing,4,8,2020-02-11
250,251,venta,boing,9,9,2020-02-11
251,251,compra,gatorade,5,7,2020-02-11
252,252,venta,chicles,7,4,2020-02-11
253,253,compra,galletas,9,6,2020-02-12
254,254,venta,sabritas,3,11,2020-02-12
255,255,compra,chicles,10,1,2020-02-12
256,256,venta,pinguinos,1,11,2020-02-12
257,257,venta,pizza,1,12,2020-02-12
258,258,compra,chocolate,10,7,2020-02-12
259,259,compra,boing,9,6,2020-02-13
260,260,venta,chicles,5,3,2020-02-13
261,261,venta,sabritas,1,8,2020-02-13
262,262,venta,pizza,4,12,2020-02-13
263,263,venta,pinguinos,4,11,2020-02-13
264,264,compra,gatorade,2,7,2020-02-13
265,265,compra,gatorade,8,6,2020-02-14
266,266,venta,palomitas,8,10,2020-02-14
267,267,venta,gansito,4,10,2020-02-14
268,268,venta,gatorade,5,11,2020-02-14
269,269,compra,galletas,6,5,2020-02-14
270,270,venta,pizza,9,12,2020-02-14
271,271,venta,chicles,8,9,2020-02-15
272,272,compra,sabritas,9,5,2020-02-15
273,273,compra,chicles,9,1,2020-02-15
274,274,venta,pizza,1,12,2020-02-15
275,275,compra,chocolate,4,6,2020-02-15
276,277,venta,gatorade,1,12,2020-02-15
277,277,compra,chicles,3,2,2020-02-16
278,278,venta,gansito,4,11,2020-02-16
279,279,venta,gansito,6,11,2020-02-16
280,280,compra,palomitas,4,3,2020-02-16
281,281,venta,pizza,3,12,2020-02-16
282,282,compra,palomitas,10,4,2020-02-16
283,283,venta,chicles,3,7,2020-02-17
284,285,compra,pizza,4,7,2020-02-17
285,285,venta,sabritas,5,10,2020-02-17
286,286,venta,galletas,8,12,2020-02-17
287,287,venta,gansito,2,9,2020-02-17
288,288,compra,pinguinos,8,5,2020-02-17
289,289,compra,palomitas,5,6,2020-02-18
290,290,venta,gatorade,2,12,2020-02-18
291,291,venta,gansito,2,11,2020-02-18
292,292,venta,pizza,1,12,2020-02-18
293,293,venta,boing,1,10,2020-02-18
294,294,compra,chocolate,8,5,2020-02-18
295,296,venta,gansito,3,9,2020-02-19
296,297,venta,sabritas,6,9,2020-02-19
297,297,compra,gatorade,1,6,2020-02-19
298,298,compra,pizza,5,7,2020-02-19
299,299,compra,gansito,8,3,2020-02-19
300,300,compra,gansito,7,5,2020-02-19
301,301,venta,gatorade,3,12,2020-02-20
302,302,venta,boing,1,10,2020-02-20
303,303,compra,palomitas,10,4,2020-02-20
304,304,venta,gansito,3,12,2020-02-20
305,305,venta,gatorade,4,12,2020-02-20
306,306,venta,gansito,1,11,2020-02-20
307,307,compra,chocolate,9,5,2020-02-21
308,309,venta,pizza,3,12,2020-02-21
309,309,venta,pizza,3,12,2020-02-21
310,311,compra,pizza,5,7,2020-02-21
311,311,compra,palomitas,10,3,2020-02-21
312,313,venta,chocolate,3,12,2020-02-21
313,313,compra,chocolate,5,2,2020-02-22
314,314,compra,boing,7,5,2020-02-22
315,315,venta,chocolate,2,10,2020-02-22
316,316,compra,chocolate,4,7,2020-02-22
317,317,venta,chicles,3,8,2020-02-22
318,318,compra,palomitas,10,5,2020-02-22
319,319,compra,palomitas,9,6,2020-02-23
320,320,venta,pinguinos,1,8,2020-02-23
321,321,compra,boing,6,6,2020-02-23
322,322,compra,gatorade,8,6,2020-02-23
323,323,compra,pinguinos,2,5,2020-02-23
324,324,venta,gatorade,2,12,2020-02-23
325,325,venta,pizza,4,12,2020-02-24
326,326,venta,pizza,9,12,2020-02-24
327,327,venta,palomitas,1,10,2020-02-24
328,329,compra,pinguinos,3,2,2020-02-24
329,329,compra,galletas,6,4,2020-02-24
330,330,compra,boing,6,4,2020-02-24
331,331,compra,galletas,6,7,2020-02-25
332,332,compra,pinguinos,10,7,2020-02-25
333,333,compra,chocolate,7,7,2020-02-25
334,334,compra,gatorade,8,6,2020-02-25
335,336,venta,galletas,9,9,2020-02-25
336,336,compra,galletas,5,5,2020-02-25
337,337,compra,gatorade,10,7,2020-02-26
338,338,compra,pizza,1,7,2020-02-26
339,339,venta,chocolate,10,10,2020-02-26
340,340,venta,chicles,10,9,2020-02-26
341,341,venta,pizza,5,12,2020-02-26
342,342,venta,boing,6,10,2020-02-26
343,344,compra,pinguinos,7,7,2020-02-27
344,344,compra,chocolate,10,7,2020-02-27
345,345,venta,sabritas,3,10,2020-02-27
346,346,compra,chocolate,5,5,2020-02-27
347,348,venta,sabritas,7,7,2020-02-27
348,348,venta,pinguinos,6,8,2020-02-27
349,349,compra,gansito,8,7,2020-02-28
350,350,compra,galletas,2,4,2020-02-28
351,351,compra,chocolate,9,7,2020-02-28
352,352,compra,gansito,6,6,2020-02-28
353,353,venta,pinguinos,1,8,2020-02-28
354,354,venta,galletas,2,9,2020-02-28
355,355,compra,pinguinos,6,5,2020-02-29
356,356,compra,pizza,7,7,2020-02-29
357,357,compra,pinguinos,4,7,2020-02-29
358,358,venta,gatorade,1,12,2020-02-29
359,359,venta,galletas,3,12,2020-02-29
360,360,venta,sabritas,7,10,2020-02-29
361,361,compra,chicles,1,2,2020-03-01
362,362,compra,chocolate,5,2,2020-03-01
363,363,venta,pinguinos,10,10,2020-03-01
364,364,compra,pinguinos,7,7,2020-03-01
365,365,compra,chocolate,7,4,2020-03-01
366,367,venta,pinguinos,3,9,2020-03-01
367,367,venta,palomitas,1,11,2020-03-02
368,368,compra,gatorade,5,6,2020-03-02
369,370,venta,chocolate,10,9,2020-03-02
370,370,compra,gatorade,7,7,2020-03-02
371,372,compra,pinguinos,6,6,2020-03-02
372,372,venta,pizza,1,12,2020-03-02
373,373,compra,palomitas,9,4,2020-03-03
374,374,compra,gatorade,5,7,2020-03-03
375,375,compra,sabritas,8,4,2020-03-03
376,376,compra,sabritas,10,7,2020-03-03
377,378,compra,galletas,7,3,2020-03-03
378,378,compra,pizza,6,7,2020-03-03
379,380,venta,chicles,1,3,2020-03-04
380,381,compra,chicles,4,1,2020-03-04
381,381,venta,gatorade,6,12,2020-03-04
382,382,venta,galletas,4,10,2020-03-04
383,384,venta,chocolate,6,12,2020-03-04
384,384,venta,chicles,6,4,2020-03-04
385,385,venta,gatorade,7,12,2020-03-05
386,386,compra,galletas,3,4,2020-03-05
387,387,compra,chicles,6,1,2020-03-05
388,388,venta,gatorade,1,12,2020-03-05
389,389,compra,pizza,8,7,2020-03-05
390,390,compra,pinguinos,8,7,2020-03-05
391,391,compra,boing,3,4,2020-03-06
392,392,compra,gansito,9,7,2020-03-06
393,393,compra,pizza,7,7,2020-03-06
394,394,venta,chocolate,2,8,2020-03-06
395,395,compra,boing,3,4,2020-03-06
396,396,venta,gansito,8,10,2020-03-06
397,397,compra,galletas,5,5,2020-03-07
398,398,venta,gatorade,1,11,2020-03-07
399,399,compra,gatorade,6,7,2020-03-07
400,400,compra,pinguinos,4,6,2020-03-07
401,401,compra,boing,4,4,2020-03-07
402,402,venta,chicles,2,7,2020-03-07
403,403,venta,sabritas,3,12,2020-03-08
404,404,venta,palomitas,4,11,2020-03-08
405,406,compra,chocolate,6,6,2020-03-08
406,406,venta,pizza,4,12,2020-03-08
407,408,venta,pinguinos,1,9,2020-03-08
408,408,compra,chicles,4,0,2020-03-08
409,409,compra,sabritas,10,4,2020-03-09
410,411,compra,galletas,6,5,2020-03-09
411,411,compra,pizza,10,7,2020-03-09
412,412,venta,palomitas,1,6,2020-03-09
413,413,compra,sabritas,6,6,2020-03-09
414,414,venta,pizza,1,12,2020-03-09
415,415,venta,gatorade,3,11,2020-03-10
416,416,venta,gatorade,2,12,2020-03-10
417,417,compra,palomitas,3,5,2020-03-10
418,418,venta,chicles,5,4,2020-03-10
419,419,compra,boing,4,5,2020-03-10
420,420,venta,palomitas,3,10,2020-03-10
421,421,venta,chocolate,6,9,2020-03-11
422,423,compra,sabritas,10,7,2020-03-11
423,423,compra,pizza,2,7,2020-03-11
424,424,venta,sabritas,5,12,2020-03-11
425,425,venta,chicles,3,6,2020-03-11
426,426,compra,galletas,10,5,2020-03-11
427,427,venta,gansito,1,12,2020-03-12
428,429,compra,sabritas,6,3,2020-03-12
429,429,venta,galletas,10,10,2020-03-12
430,430,venta,chocolate,4,12,2020-03-12
431,431,venta,gansito,2,12,2020-03-12
432,432,compra,sabritas,3,4,2020-03-12
433,433,compra,gansito,6,4,2020-03-13
434,434,compra,gansito,4,5,2020-03-13
435,436,compra,gatorade,5,7,2020-03-13
436,436,compra,pinguinos,5,6,2020-03-13
437,437,compra,palomitas,7,6,2020-03-13
438,438,venta,chocolate,6,7,2020-03-13
439,439,compra,chocolate,6,3,2020-03-14
440,440,venta,chocolate,4,8,2020-03-14
441,441,venta,palomitas,1,11,2020-03-14
442,442,compra,gansito,4,7,2020-03-14
443,443,compra,gansito,5,6,2020-03-14
444,444,venta,chocolate,10,7,2020-03-14
445,445,venta,pizza,2,12,2020-03-15
446,446,compra,chocolate,2,7,2020-03-15
447,448,venta,pinguinos,1,8,2020-03-15
448,448,venta,gansito,8,12,2020-03-15
449,449,compra,galletas,6,5,2020-03-15
450,450,venta,palomitas,2,12,2020-03-15
451,451,compra,palomitas,5,7,2020-03-16
452,452,venta,pinguinos,2,9,2020-03-16
453,453,compra,chocolate,3,3,2020-03-16
454,454,compra,pizza,5,7,2020-03-16
455,455,venta,pinguinos,1,8,2020-03-16
456,456,venta,chicles,4,7,2020-03-16
457,457,compra,chocolate,5,7,2020-03-17
458,459,venta,palomitas,8,11,2020-03-17
459,459,venta,chicles,9,5,2020-03-17
460,460,venta,gatorade,2,12,2020-03-17
461,462,venta,chocolate,2,7,2020-03-17
462,462,compra,gansito,3,4,2020-03-17
463,463,venta,gatorade,5,12,2020-03-18
464,464,compra,boing,6,2,2020-03-18
465,465,venta,boing,7,10,2020-03-18
466,466,venta,sabritas,1,8,2020-03-18
467,467,compra,sabritas,8,5,2020-03-18
468,468,compra,palomitas,8,2,2020-03-18
469,470,compra,galletas,8,5,2020-03-19
470,470,compra,pizza,9,7,2020-03-19
471,471,compra,pinguinos,9,6,2020-03-19
472,472,compra,chocolate,5,5,2020-03-19
473,473,venta,pinguinos,1,9,2020-03-19
474,474,compra,chicles,6,2,2020-03-19
475,476,venta,chocolate,4,11,2020-03-20
476,476,compra,pinguinos,9,6,2020-03-20
477,477,venta,sabritas,9,9,2020-03-20
478,479,venta,galletas,8,11,2020-03-20
479,479,compra,boing,9,4,2020-03-20
480,480,compra,chicles,8,2,2020-03-20
481,481,venta,pinguinos,2,10,2020-03-21
482,482,compra,sabritas,4,6,2020-03-21
483,484,compra,pinguinos,6,6,2020-03-21
484,484,venta,sabritas,1,9,2020-03-21
485,485,venta,pizza,8,12,2020-03-21
486,486,venta,galletas,1,9,2020-03-21
487,488,venta,pizza,3,12,2020-03-22
488,489,compra,palomitas,5,7,2020-03-22
489,489,venta,sabritas,2,12,2020-03-22
490,491,venta,palomitas,2,11,2020-03-22
491,491,compra,chocolate,7,3,2020-03-22
492,492,venta,sabritas,5,7,2020-03-22
493,493,venta,pizza,2,12,2020-03-23
494,494,compra,palomitas,5,6,2020-03-23
495,495,venta,gatorade,10,11,2020-03-23
496,496,venta,palomitas,9,11,2020-03-23
497,497,compra,gansito,8,3,2020-03-23
498,498,venta,galletas,1,9,2020-03-23
499,499,venta,pizza,4,12,2020-03-24
500,501,venta,sabritas,1,11,2020-03-24
501,502,venta,pinguinos,3,10,2020-03-24
502,502,compra,chocolate,4,5,2020-03-24
503,503,venta,pinguinos,1,10,2020-03-24
504,504,compra,pizza,8,7,2020-03-24
505,505,compra,pinguinos,10,4,2020-03-25
506,506,venta,galletas,6,9,2020-03-25
507,507,compra,palomitas,5,3,2020-03-25
508,508,venta,galletas,6,8,2020-03-25
509,509,compra,chocolate,10,2,2020-03-25
510,510,compra,pizza,9,7,2020-03-25
511,511,venta,palomitas,3,8,2020-03-26
512,512,venta,palomitas,6,7,2020-03-26
513,513,venta,sabritas,3,11,2020-03-26
514,514,venta,pinguinos,3,7,2020-03-26
515,515,compra,gansito,6,4,2020-03-26
516,516,venta,sabritas,1,8,2020-03-26
517,517,compra,galletas,5,3,2020-03-27
518,518,compra,gatorade,9,7,2020-03-27
519,519,compra,galletas,8,5,2020-03-27
520,521,venta,chicles,3,5,2020-03-27
521,521,venta,gansito,10,10,2020-03-27
522,523,venta,sabritas,3,8,2020-03-27
523,523,venta,sabritas,2,7,2020-03-28
524,524,venta,galletas,1,9,2020-03-28
525,525,venta,chicles,1,6,2020-03-28
526,526,compra,chocolate,8,5,2020-03-28
527,527,venta,galletas,10,8,2020-03-28
528,528,compra,chocolate,10,4,2020-03-28
529,529,venta,palomitas,3,9,2020-03-29
530,531,venta,pinguinos,5,7,2020-03-29
531,531,venta,pizza,2,12,2020-03-29
532,532,compra,gatorade,7,6,2020-03-29
533,534,compra,pizza,10,7,2020-03-29
534,534,compra,boing,9,7,2020-03-29
535,535,compra,gatorade,4,6,2020-03-30
536,537,compra,pinguinos,10,7,2020-03-30
537,537,compra,sabritas,8,5,2020-03-30
538,538,compra,sabritas,8,6,2020-03-30
539,540,compra,boing,8,4,2020-03-30
540,541,venta,pinguinos,1,9,2020-03-30
541,542,compra,chocolate,6,6,2020-03-31
542,542,venta,sabritas,3,8,2020-03-31
543,543,compra,gatorade,8,6,2020-03-31
544,544,venta,pizza,4,12,2020-03-31
545,545,compra,gansito,9,7,2020-03-31
546,547,compra,gansito,8,7,2020-03-31
547,547,venta,sabritas,7,8,2020-04-01
548,548,venta,chocolate,1,11,2020-04-01
549,549,venta,chicles,8,7,2020-04-01
550,550,compra,pizza,8,7,2020-04-01
551,551,compra,gansito,4,7,2020-04-01
552,552,venta,gatorade,1,11,2020-04-01
553,554,compra,galletas,10,5,2020-04-02
554,554,compra,gansito,3,6,2020-04-02
555,555,compra,galletas,7,5,2020-04-02
556,556,compra,pinguinos,2,5,2020-04-02
557,557,compra,galletas,7,5,2020-04-02
558,558,venta,palomitas,10,10,2020-04-02
559,559,compra,chicles,3,2,2020-04-03
560,560,venta,pinguinos,7,9,2020-04-03
561,561,venta,sabritas,3,11,2020-04-03
562,562,venta,pizza,1,12,2020-04-03
563,563,venta,sabritas,5,11,2020-04-03
564,564,compra,gansito,7,5,2020-04-03
565,566,compra,sabritas,4,4,2020-04-04
566,566,compra,chicles,7,3,2020-04-04
567,567,venta,chicles,8,9,2020-04-04
568,568,venta,gatorade,8,12,2020-04-04
569,570,compra,gansito,6,2,2020-04-04
570,570,compra,sabritas,7,3,2020-04-04
571,571,compra,boing,4,6,2020-04-05
572,573,compra,chocolate,7,6,2020-04-05
573,573,venta,sabritas,10,7,2020-04-05
574,574,venta,gatorade,3,11,2020-04-05
575,575,compra,palomitas,7,3,2020-04-05
576,576,venta,palomitas,8,9,2020-04-05
577,577,compra,chocolate,4,6,2020-04-06
578,578,venta,boing,10,9,2020-04-06
579,579,venta,galletas,1,11,2020-04-06
580,580,venta,pinguinos,2,10,2020-04-06
581,581,venta,palomitas,4,12,2020-04-06
582,582,venta,pinguinos,6,10,2020-04-06
583,583,venta,gatorade,1,12,2020-04-07
584,584,venta,gansito,2,8,2020-04-07
585,585,venta,chocolate,3,9,2020-04-07
586,586,venta,palomitas,5,11,2020-04-07
587,587,venta,palomitas,3,11,2020-04-07
588,588,venta,sabritas,10,12,2020-04-07
589,589,venta,gansito,6,9,2020-04-08
590,590,venta,gatorade,1,12,2020-04-08
591,591,compra,galletas,6,5,2020-04-08
592,592,venta,chocolate,9,11,2020-04-08
593,594,compra,palomitas,5,4,2020-04-08
594,594,venta,boing,1,8,2020-04-08
595,595,venta,galletas,5,10,2020-04-09
596,596,compra,gansito,3,4,2020-04-09
597,597,compra,pinguinos,10,4,2020-04-09
598,599,compra,chocolate,8,4,2020-04-09
599,599,compra,chocolate,7,7,2020-04-09
600,600,compra,galletas,4,6,2020-04-09
601,601,venta,palomitas,4,9,2020-04-10
602,602,venta,gansito,8,12,2020-04-10
603,603,compra,gatorade,5,7,2020-04-10
604,604,venta,chicles,9,5,2020-04-10
605,605,venta,gansito,8,11,2020-04-10
606,606,venta,gatorade,1,11,2020-04-10
607,607,compra,galletas,5,3,2020-04-11
608,608,compra,boing,2,3,2020-04-11
609,609,compra,sabritas,9,6,2020-04-11
610,610,compra,gatorade,7,7,2020-04-11
611,611,compra,sabritas,5,5,2020-04-11
612,612,venta,pinguinos,1,12,2020-04-11
613,613,compra,chicles,6,2,2020-04-12
614,615,compra,sabritas,7,7,2020-04-12
615,615,venta,gansito,6,7,2020-04-12
616,617,compra,pinguinos,7,7,2020-04-12
617,617,compra,chocolate,4,4,2020-04-12
618,618,compra,pinguinos,1,4,2020-04-12
619,619,venta,sabritas,4,12,2020-04-13
620,620,venta,chocolate,3,10,2020-04-13
621,621,compra,gansito,4,6,2020-04-13
622,622,venta,gansito,1,10,2020-04-13
623,623,venta,gansito,1,12,2020-04-13
624,624,compra,palomitas,7,6,2020-04-13
625,625,compra,galletas,9,6,2020-04-14
626,626,compra,boing,6,5,2020-04-14
627,627,compra,sabritas,9,6,2020-04-14
628,628,compra,gatorade,2,6,2020-04-14
629,629,compra,sabritas,6,7,2020-04-14
630,630,compra,boing,6,5,2020-04-14
631,631,venta,sabritas,1,12,2020-04-15
632,633,compra,chocolate,6,5,2020-04-15
633,633,venta,pinguinos,2,9,2020-04-15
634,634,venta,gansito,1,12,2020-04-15
635,635,venta,gatorade,2,12,2020-04-15
636,636,venta,pinguinos,1,7,2020-04-15
637,637,venta,boing,5,11,2020-04-16
638,639,compra,sabritas,1,7,2020-04-16
639,639,venta,palomitas,1,9,2020-04-16
640,640,venta,gatorade,2,11,2020-04-16
641,642,compra,chocolate,9,2,2020-04-16
642,643,venta,chicles,2,4,2020-04-16
643,643,venta,boing,2,11,2020-04-17
644,644,venta,gansito,2,12,2020-04-17
645,645,venta,chocolate,1,7,2020-04-17
646,646,compra,gatorade,9,6,2020-04-17
647,647,venta,pinguinos,5,12,2020-04-17
648,648,compra,gansito,8,4,2020-04-17
649,649,venta,sabritas,3,10,2020-04-18
650,650,venta,galletas,2,10,2020-04-18
651,651,venta,boing,2,10,2020-04-18
652,652,venta,galletas,3,11,2020-04-18
653,653,compra,boing,7,7,2020-04-18
654,655,compra,gansito,10,7,2020-04-18
655,655,compra,gansito,7,2,2020-04-19
656,656,compra,chicles,7,1,2020-04-19
657,657,compra,boing,8,5,2020-04-19
658,658,compra,palomitas,8,7,2020-04-19
659,659,venta,pizza,1,12,2020-04-19
660,661,venta,boing,3,10,2020-04-19
661,662,compra,sabritas,9,7,2020-04-20
662,662,compra,pinguinos,9,6,2020-04-20
663,663,venta,galletas,1,10,2020-04-20
664,664,compra,gansito,8,3,2020-04-20
665,665,venta,sabritas,4,7,2020-04-20
666,666,venta,chicles,6,3,2020-04-20
667,667,venta,palomitas,4,11,2020-04-21
668,668,venta,palomitas,1,12,2020-04-21
669,669,venta,gatorade,5,12,2020-04-21
670,670,venta,chocolate,2,8,2020-04-21
671,671,venta,gatorade,3,12,2020-04-21
672,673,compra,gansito,9,7,2020-04-21
673,673,venta,boing,1,9,2020-04-22
674,674,venta,palomitas,6,12,2020-04-22
675,675,compra,pizza,5,7,2020-04-22
676,676,venta,chocolate,1,11,2020-04-22
677,677,venta,pizza,1,12,2020-04-22
678,678,compra,galletas,7,4,2020-04-22
679,679,venta,chicles,9,3,2020-04-23
680,681,venta,sabritas,4,11,2020-04-23
681,681,compra,pinguinos,4,7,2020-04-23
682,682,venta,pizza,1,12,2020-04-23
683,683,venta,boing,1,11,2020-04-23
684,684,compra,palomitas,6,1,2020-04-23
685,685,venta,boing,1,12,2020-04-24
686,687,compra,gatorade,5,7,2020-04-24
687,687,venta,palomitas,6,10,2020-04-24
688,688,venta,pinguinos,6,11,2020-04-24
689,689,compra,chocolate,5,2,2020-04-24
690,691,compra,pinguinos,6,5,2020-04-24
691,692,compra,galletas,10,5,2020-04-25
692,692,compra,boing,7,3,2020-04-25
693,693,venta,gatorade,4,12,2020-04-25
694,694,compra,galletas,10,7,2020-04-25
695,695,compra,pinguinos,1,6,2020-04-25
696,696,compra,galletas,9,5,2020-04-25
697,697,venta,gatorade,4,12,2020-04-26
698,698,compra,pizza,7,7,2020-04-26
699,700,venta,gatorade,3,12,2020-04-26
700,700,venta,sabritas,9,12,2020-04-26
701,701,compra,palomitas,5,3,2020-04-26
702,702,venta,palomitas,2,10,2020-04-26
703,703,venta,sabritas,1,10,2020-04-27
704,704,compra,gatorade,2,6,2020-04-27
705,705,compra,gansito,3,7,2020-04-27
706,706,venta,chicles,1,7,2020-04-27
707,707,compra,pinguinos,4,5,2020-04-27
708,708,venta,palomitas,4,10,2020-04-27
709,709,venta,boing,2,7,2020-04-28
710,710,compra,palomitas,10,4,2020-04-28
711,711,venta,boing,3,11,2020-04-28
712,712,compra,chicles,4,1,2020-04-28
713,713,venta,chocolate,9,8,2020-04-28
714,714,venta,galletas,3,9,2020-04-28
715,715,venta,gatorade,1,11,2020-04-29
716,716,compra,palomitas,4,4,2020-04-29
717,717,venta,galletas,1,9,2020-04-29
718,719,compra,gatorade,6,7,2020-04-29
719,719,compra,palomitas,10,3,2020-04-29
720,720,venta,pinguinos,1,10,2020-04-29
721,721,venta,boing,10,8,2020-04-30
722,722,venta,gatorade,9,12,2020-04-30
723,723,compra,chocolate,7,7,2020-04-30
724,724,venta,palomitas,5,11,2020-04-30
725,725,compra,galletas,8,5,2020-04-30
726,727,compra,chocolate,7,4,2020-04-30
727,728,compra,pinguinos,4,4,2020-05-01
728,728,venta,pizza,1,12,2020-05-01
729,729,venta,pizza,8,12,2020-05-01
730,730,venta,gatorade,2,12,2020-05-01
731,731,venta,galletas,3,8,2020-05-01
732,732,compra,gatorade,7,7,2020-05-01
733,733,compra,galletas,6,4,2020-05-02
734,735,venta,chocolate,6,9,2020-05-02
735,735,venta,sabritas,1,12,2020-05-02
736,736,venta,chicles,3,4,2020-05-02
737,737,compra,palomitas,8,6,2020-05-02
738,738,venta,chicles,3,9,2020-05-02
739,740,compra,gatorade,3,7,2020-05-03
740,740,compra,sabritas,3,6,2020-05-03
741,741,venta,sabritas,4,11,2020-05-03
742,742,venta,sabritas,8,10,2020-05-03
743,743,compra,chocolate,10,4,2020-05-03
744,744,compra,palomitas,2,7,2020-05-03
745,745,venta,gansito,2,9,2020-05-04
746,747,venta,sabritas,2,11,2020-05-04
747,747,venta,galletas,3,9,2020-05-04
748,748,venta,sabritas,3,11,2020-05-04
749,749,venta,sabritas,9,10,2020-05-04
750,750,venta,pizza,1,12,2020-05-04
751,752,venta,pizza,7,12,2020-05-05
752,752,venta,galletas,2,11,2020-05-05
753,753,venta,palomitas,9,12,2020-05-05
754,754,venta,gatorade,6,12,2020-05-05
755,755,venta,boing,2,9,2020-05-05
756,757,compra,chocolate,9,5,2020-05-05
757,757,compra,chicles,6,0,2020-05-06
758,758,compra,chocolate,8,3,2020-05-06
759,759,compra,pinguinos,2,6,2020-05-06
760,760,venta,pizza,10,12,2020-05-06
761,761,compra,galletas,5,3,2020-05-06
762,763,venta,pinguinos,2,8,2020-05-06
763,763,venta,chicles,3,4,2020-05-07
764,764,compra,sabritas,8,6,2020-05-07
765,765,venta,gatorade,3,12,2020-05-07
766,767,venta,boing,2,8,2020-05-07
767,767,compra,pinguinos,9,5,2020-05-07
768,768,venta,gansito,4,10,2020-05-07
769,770,venta,gansito,2,10,2020-05-08
770,770,compra,chocolate,10,7,2020-05-08
771,771,compra,chocolate,3,6,2020-05-08
772,772,venta,sabritas,4,9,2020-05-08
773,774,venta,gansito,1,9,2020-05-08
774,775,venta,gatorade,2,11,2020-05-08
775,776,compra,sabritas,2,7,2020-05-09
776,777,compra,sabritas,2,5,2020-05-09
777,777,compra,palomitas,7,7,2020-05-09
778,778,venta,sabritas,8,11,2020-05-09
779,779,compra,galletas,5,7,2020-05-09
780,781,compra,pizza,7,7,2020-05-09
781,781,compra,boing,9,4,2020-05-10
782,783,compra,chocolate,8,4,2020-05-10
783,783,compra,gatorade,7,7,2020-05-10
784,784,venta,pinguinos,7,10,2020-05-10
785,786,compra,galletas,6,3,2020-05-10
786,787,venta,gatorade,6,12,2020-05-10
787,787,venta,palomitas,5,11,2020-05-11
788,788,venta,pinguinos,1,10,2020-05-11
789,789,venta,boing,6,9,2020-05-11
790,790,venta,pizza,2,12,2020-05-11
791,791,venta,chocolate,2,10,2020-05-11
792,792,compra,gansito,10,4,2020-05-11
793,793,venta,gansito,2,10,2020-05-12
794,794,venta,sabritas,2,9,2020-05-12
795,795,compra,galletas,8,6,2020-05-12
796,796,venta,pizza,2,12,2020-05-12
797,798,venta,gansito,2,11,2020-05-12
798,798,compra,pizza,6,7,2020-05-12
799,800,compra,boing,5,5,2020-05-13
800,800,compra,chicles,4,1,2020-05-13
801,801,compra,boing,6,5,2020-05-13
802,802,venta,sabritas,1,10,2020-05-13
803,803,compra,boing,7,4,2020-05-13
804,804,venta,pinguinos,9,11,2020-05-13
805,805,venta,sabritas,3,10,2020-05-14
806,806,compra,palomitas,9,4,2020-05-14
807,808,venta,chicles,6,6,2020-05-14
808,808,venta,chicles,1,4,2020-05-14
809,809,compra,chocolate,2,2,2020-05-14
810,811,venta,pizza,1,12,2020-05-14
811,811,venta,pinguinos,1,11,2020-05-15
812,812,venta,palomitas,4,9,2020-05-15
813,814,compra,chocolate,6,6,2020-05-15
814,814,venta,pizza,1,12,2020-05-15
815,815,compra,chocolate,9,2,2020-05-15
816,816,venta,gansito,3,11,2020-05-15
817,817,venta,chocolate,9,7,2020-05-16
818,818,compra,chicles,8,3,2020-05-16
819,819,venta,boing,6,7,2020-05-16
820,820,venta,sabritas,4,10,2020-05-16
821,821,compra,sabritas,1,5,2020-05-16
822,822,compra,sabritas,8,6,2020-05-16
823,824,venta,boing,6,8,2020-05-17
824,824,compra,gatorade,5,7,2020-05-17
825,825,compra,sabritas,7,6,2020-05-17
826,826,compra,gansito,4,6,2020-05-17
827,828,compra,boing,5,6,2020-05-17
828,828,venta,gatorade,3,11,2020-05-17
829,829,venta,palomitas,2,8,2020-05-18
830,830,venta,gatorade,1,11,2020-05-18
831,832,compra,pinguinos,9,2,2020-05-18
832,832,compra,chicles,8,2,2020-05-18
833,833,venta,galletas,1,10,2020-05-18
834,834,venta,galletas,2,10,2020-05-18
835,835,venta,galletas,2,10,2020-05-19
836,836,compra,gatorade,7,7,2020-05-19
837,837,venta,galletas,2,12,2020-05-19
838,839,compra,palomitas,6,7,2020-05-19
839,840,venta,gatorade,1,12,2020-05-19
840,840,venta,pizza,6,12,2020-05-19
841,841,venta,boing,6,8,2020-05-20
842,842,compra,gansito,4,5,2020-05-20
843,843,venta,chicles,2,5,2020-05-20
844,844,venta,chicles,3,6,2020-05-20
845,845,venta,galletas,5,10,2020-05-20
846,846,venta,pizza,3,12,2020-05-20
847,847,venta,palomitas,5,12,2020-05-21
848,848,compra,palomitas,2,3,2020-05-21
849,850,venta,chicles,1,5,2020-05-21
850,850,venta,chicles,2,4,2020-05-21
851,852,compra,palomitas,10,4,2020-05-21
852,852,venta,chocolate,2,9,2020-05-21
853,853,compra,pinguinos,7,6,2020-05-22
854,854,venta,gatorade,2,12,2020-05-22
855,855,compra,gansito,6,3,2020-05-22
856,856,venta,chocolate,1,8,2020-05-22
857,857,venta,pizza,4,12,2020-05-22
858,858,compra,palomitas,4,7,2020-05-22
859,859,compra,galletas,2,5,2020-05-23
860,860,venta,sabritas,1,11,2020-05-23
861,862,compra,sabritas,4,5,2020-05-23
862,862,compra,chicles,7,1,2020-05-23
863,863,venta,galletas,2,11,2020-05-23
864,864,venta,gansito,2,9,2020-05-23
865,865,compra,gatorade,7,7,2020-05-24
866,866,venta,sabritas,1,12,2020-05-24
867,867,venta,sabritas,6,12,2020-05-24
868,868,venta,pizza,1,12,2020-05-24
869,869,compra,boing,3,4,2020-05-24
870,871,compra,gatorade,5,7,2020-05-24
871,871,venta,galletas,6,11,2020-05-25
872,872,venta,gansito,2,10,2020-05-25
873,874,venta,boing,6,10,2020-05-25
874,874,compra,palomitas,7,5,2020-05-25
875,875,compra,pizza,4,7,2020-05-25
876,876,venta,gatorade,4,12,2020-05-25
877,877,venta,gatorade,3,12,2020-05-26
878,878,venta,gatorade,7,11,2020-05-26
879,880,venta,pinguinos,3,10,2020-05-26
880,880,compra,pizza,7,7,2020-05-26
881,881,venta,palomitas,4,6,2020-05-26
882,882,venta,pinguinos,8,12,2020-05-26
883,883,compra,sabritas,2,5,2020-05-27
884,884,compra,sabritas,9,5,2020-05-27
885,885,compra,palomitas,7,2,2020-05-27
886,886,venta,boing,8,9,2020-05-27
887,887,compra,galletas,7,4,2020-05-27
888,888,compra,chocolate,9,6,2020-05-27
889,889,compra,gatorade,9,7,2020-05-28
890,891,compra,gansito,9,4,2020-05-28
891,892,venta,boing,3,11,2020-05-28
892,892,compra,chocolate,2,4,2020-05-28
893,893,compra,chocolate,7,4,2020-05-28
894,895,compra,pizza,8,7,2020-05-28
895,895,venta,chicles,2,7,2020-05-29
896,896,compra,pinguinos,8,6,2020-05-29
897,898,compra,palomitas,7,6,2020-05-29
898,898,compra,pizza,9,7,2020-05-29
899,899,compra,chicles,4,4,2020-05-29
900,901,compra,pinguinos,7,4,2020-05-29
901,901,compra,gansito,9,4,2020-05-30
902,902,venta,pinguinos,3,9,2020-05-30
903,903,venta,boing,2,12,2020-05-30
904,904,compra,pinguinos,10,4,2020-05-30
905,905,compra,gatorade,2,7,2020-05-30
906,906,venta,pizza,1,12,2020-05-30
907,907,venta,chocolate,1,10,2020-05-31
908,908,compra,palomitas,10,6,2020-05-31
909,909,compra,palomitas,5,7,2020-05-31
910,911,venta,sabritas,4,9,2020-05-31
911,911,venta,pizza,1,12,2020-05-31
912,912,compra,pinguinos,3,6,2020-05-31
913,914,venta,chocolate,9,10,2020-06-01
914,914,venta,pizza,9,12,2020-06-01
915,915,venta,chicles,2,5,2020-06-01
916,916,venta,chicles,1,5,2020-06-01
917,917,venta,pinguinos,1,11,2020-06-01
918,918,compra,pizza,2,7,2020-06-01
919,919,compra,boing,9,3,2020-06-02
920,920,compra,gatorade,9,7,2020-06-02
921,921,venta,chicles,4,8,2020-06-02
922,922,compra,boing,3,7,2020-06-02
923,924,compra,boing,7,3,2020-06-02
924,924,compra,galletas,2,5,2020-06-02
925,925,venta,chicles,7,5,2020-06-03
926,926,compra,boing,7,3,2020-06-03
927,928,venta,pizza,3,12,2020-06-03
928,928,compra,galletas,10,5,2020-06-03
929,930,compra,gansito,7,4,2020-06-03
930,930,compra,gansito,8,6,2020-06-03
931,931,venta,gatorade,3,12,2020-06-04
932,932,venta,gansito,2,8,2020-06-04
933,933,compra,chicles,5,0,2020-06-04
934,934,compra,pinguinos,5,6,2020-06-04
935,935,compra,pizza,4,7,2020-06-04
936,936,compra,gatorade,7,7,2020-06-04
937,937,venta,gatorade,2,11,2020-06-05
938,939,venta,sabritas,6,10,2020-06-05
939,940,venta,chocolate,4,7,2020-06-05
940,940,compra,pizza,8,7,2020-06-05
941,941,compra,sabritas,6,6,2020-06-05
942,943,compra,chicles,9,2,2020-06-05
943,944,compra,boing,6,3,2020-06-06
944,944,compra,chicles,6,0,2020-06-06
945,945,compra,gatorade,1,7,2020-06-06
946,946,venta,pizza,7,12,2020-06-06
947,947,compra,sabritas,10,6,2020-06-06
948,948,compra,boing,2,3,2020-06-06
949,950,venta,sabritas,10,9,2020-06-07
950,950,venta,pizza,2,12,2020-06-07
951,951,compra,sabritas,10,4,2020-06-07
952,952,venta,galletas,2,11,2020-06-07
953,953,venta,chicles,3,4,2020-06-07
954,954,venta,gatorade,2,12,2020-06-07
955,955,compra,gansito,9,7,2020-06-08
956,956,compra,chicles,7,1,2020-06-08
957,957,venta,palomitas,1,6,2020-06-08
958,958,compra,pinguinos,7,6,2020-06-08
959,959,compra,sabritas,5,5,2020-06-08
960,960,venta,boing,3,8,2020-06-08
961,961,compra,galletas,9,5,2020-06-09
962,962,compra,sabritas,4,6,2020-06-09
963,963,compra,gansito,2,4,2020-06-09
964,964,venta,sabritas,2,12,2020-06-09
965,966,venta,sabritas,1,11,2020-06-09
966,966,compra,boing,3,5,2020-06-09
967,967,venta,sabritas,3,9,2020-06-10
968,968,venta,pinguinos,2,8,2020-06-10
969,969,compra,galletas,4,5,2020-06-10
970,971,compra,pinguinos,7,6,2020-06-10
971,971,compra,chocolate,5,6,2020-06-10
972,972,compra,galletas,7,3,2020-06-10
973,973,venta,pinguinos,3,7,2020-06-11
974,974,venta,pinguinos,5,9,2020-06-11
975,975,compra,sabritas,7,2,2020-06-11
976,976,compra,sabritas,9,2,2020-06-11
977,977,venta,gatorade,2,11,2020-06-11
978,978,venta,pinguinos,6,9,2020-06-11
979,979,venta,chocolate,6,11,2020-06-12
980,980,venta,gatorade,6,12,2020-06-12
981,981,venta,boing,7,8,2020-06-12
982,982,venta,gansito,8,10,2020-06-12
983,983,venta,palomitas,6,6,2020-06-12
984,984,venta,galletas,4,8,2020-06-12
985,985,compra,palomitas,3,2,2020-06-13
986,987,compra,chicles,2,2,2020-06-13
987,987,compra,pinguinos,7,7,2020-06-13
988,988,venta,sabritas,1,12,2020-06-13
989,989,compra,chocolate,9,3,2020-06-13
990,990,venta,gansito,1,10,2020-06-13
991,992,venta,chocolate,6,9,2020-06-14
992,993,compra,chocolate,2,7,2020-06-14
993,994,venta,gatorade,5,11,2020-06-14
994,994,compra,pizza,5,7,2020-06-14
995,995,venta,pinguinos,1,9,2020-06-14
996,996,compra,palomitas,7,7,2020-06-14
997,997,venta,galletas,2,12,2020-06-15
998,999,venta,gatorade,3,12,2020-06-15
999,999,compra,sabritas,6,7,2020-06-15
1000,1000,compra,gatorade,6,6,2020-06-15
1001,1001,compra,galletas,8,4,2020-06-15
1002,1003,compra,pinguinos,7,7,2020-06-15
1003,1003,compra,sabritas,9,5,2020-06-16
1004,1004,compra,gatorade,8,7,2020-06-16
1005,1005,venta,boing,3,10,2020-06-16
1006,1006,venta,pizza,1,12,2020-06-16
1007,1007,compra,pizza,7,7,2020-06-16
1008,1008,compra,boing,8,2,2020-06-16
1009,1009,compra,chicles,4,2,2020-06-17
1010,1010,compra,pinguinos,8,5,2020-06-17
1011,1011,venta,gansito,2,11,2020-06-17
1012,1012,venta,galletas,1,9,2020-06-17
1013,1013,venta,galletas,4,10,2020-06-17
1014,1014,compra,gatorade,5,7,2020-06-17
1015,1015,compra,gatorade,6,6,2020-06-18
1016,1016,compra,pizza,7,7,2020-06-18
1017,1017,compra,gatorade,5,6,2020-06-18
1018,1018,venta,boing,2,10,2020-06-18
1019,1019,venta,gansito,2,7,2020-06-18
1020,1020,compra,sabritas,6,7,2020-06-18
1021,1022,compra,sabritas,2,6,2020-06-19
1022,1022,compra,galletas,5,7,2020-06-19
1023,1024,compra,gansito,5,4,2020-06-19
1024,1024,venta,pinguinos,1,11,2020-06-19
1025,1025,compra,gatorade,7,6,2020-06-19
1026,1026,compra,chocolate,7,3,2020-06-19
1027,1028,venta,sabritas,9,9,2020-06-20
1028,1028,venta,gatorade,2,12,2020-06-20
1029,1030,venta,pizza,1,12,2020-06-20
1030,1030,compra,chicles,10,0,2020-06-20
1031,1031,venta,sabritas,3,8,2020-06-20
1032,1033,compra,galletas,2,4,2020-06-20
1033,1033,compra,gatorade,6,6,2020-06-21
1034,1034,compra,pinguinos,6,4,2020-06-21
1035,1035,compra,galletas,8,6,2020-06-21
1036,1037,venta,palomitas,8,12,2020-06-21
1037,1038,compra,palomitas,7,5,2020-06-21
1038,1038,venta,chocolate,5,12,2020-06-21
1039,1039,venta,gansito,1,10,2020-06-22
1040,1040,venta,pizza,1,12,2020-06-22
1041,1041,compra,palomitas,5,4,2020-06-22
1042,1042,compra,pizza,4,7,2020-06-22
1043,1043,venta,pinguinos,2,12,2020-06-22
1044,1044,compra,palomitas,4,6,2020-06-22
1045,1045,compra,pinguinos,4,6,2020-06-23
1046,1047,compra,gatorade,6,7,2020-06-23
1047,1047,venta,boing,2,8,2020-06-23
1048,1048,venta,gatorade,8,12,2020-06-23
1049,1049,compra,gatorade,4,6,2020-06-23
1050,1050,venta,chicles,3,8,2020-06-23
1051,1051,compra,boing,9,6,2020-06-24
1052,1053,venta,palomitas,2,11,2020-06-24
1053,1054,venta,gatorade,1,12,2020-06-24
1054,1054,compra,pinguinos,7,4,2020-06-24
1055,1055,venta,chocolate,3,11,2020-06-24
1056,1056,venta,pinguinos,7,10,2020-06-24
1057,1057,venta,pinguinos,3,11,2020-06-25
1058,1058,venta,chicles,1,6,2020-06-25
1059,1059,venta,palomitas,1,8,2020-06-25
1060,1060,venta,chicles,1,3,2020-06-25
1061,1061,compra,chocolate,7,7,2020-06-25
1062,1063,venta,pinguinos,1,12,2020-06-25
1063,1063,venta,gatorade,4,11,2020-06-26
1064,1064,compra,palomitas,3,6,2020-06-26
1065,1065,venta,sabritas,6,12,2020-06-26
1066,1066,venta,sabritas,2,8,2020-06-26
1067,1067,compra,pizza,6,7,2020-06-26
1068,1069,compra,pinguinos,6,5,2020-06-26
1069,1069,compra,gatorade,9,7,2020-06-27
1070,1070,venta,palomitas,2,10,2020-06-27
1071,1071,compra,galletas,9,5,2020-06-27
1072,1072,compra,chicles,5,1,2020-06-27
1073,1073,venta,chocolate,4,10,2020-06-27
1074,1074,venta,pizza,4,12,2020-06-27
1075,1076,compra,boing,6,6,2020-06-28
1076,1076,compra,pinguinos,4,3,2020-06-28
1077,1077,compra,gansito,5,4,2020-06-28
1078,1078,venta,boing,6,8,2020-06-28
1079,1079,compra,gansito,7,5,2020-06-28
1080,1080,compra,chicles,7,2,2020-06-28
1081,1081,venta,palomitas,10,10,2020-06-29
1082,1083,venta,chicles,6,7,2020-06-29
1083,1083,compra,gansito,2,6,2020-06-29
1084,1084,compra,pizza,7,7,2020-06-29
1085,1085,compra,boing,4,3,2020-06-29
1086,1086,compra,pizza,4,7,2020-06-29
1087,1087,venta,gatorade,5,12,2020-06-30
1088,1088,compra,sabritas,7,7,2020-06-30
1089,1089,venta,boing,2,9,2020-06-30
1090,1090,venta,gatorade,6,11,2020-06-30
1091,1092,compra,gansito,9,6,2020-06-30
1092,1092,venta,chicles,10,3,2020-06-30
1093,1094,compra,chicles,6,1,2020-07-01
1094,1094,compra,gansito,4,5,2020-07-01
1095,1096,compra,pizza,5,7,2020-07-01
1096,1096,venta,sabritas,8,11,2020-07-01
1097,1097,compra,pizza,6,7,2020-07-01
1098,1098,compra,pizza,3,7,2020-07-01
1099,1099,venta,boing,8,12,2020-07-02
1100,1100,compra,pizza,7,7,2020-07-02
1101,1102,venta,palomitas,3,7,2020-07-02
1102,1102,compra,pizza,8,7,2020-07-02
1103,1103,compra,pinguinos,9,3,2020-07-02
1104,1104,compra,chocolate,9,4,2020-07-02
1105,1105,venta,sabritas,2,11,2020-07-03
1106,1106,venta,chocolate,4,8,2020-07-03
1107,1107,venta,gansito,3,10,2020-07-03
1108,1108,compra,pizza,10,7,2020-07-03
1109,1109,venta,boing,1,9,2020-07-03
1110,1110,compra,pizza,9,7,2020-07-03
1111,1111,compra,palomitas,8,6,2020-07-04
1112,1112,compra,chicles,9,1,2020-07-04
1113,1114,venta,gansito,2,8,2020-07-04
1114,1114,compra,pinguinos,6,3,2020-07-04
1115,1115,compra,pizza,8,7,2020-07-04
1116,1116,venta,chicles,1,4,2020-07-04
1117,1117,venta,palomitas,2,11,2020-07-05
1118,1118,venta,chicles,5,6,2020-07-05
1119,1119,compra,gansito,10,6,2020-07-05
1120,1120,venta,gatorade,3,12,2020-07-05
1121,1121,compra,sabritas,3,4,2020-07-05
1122,1122,compra,chicles,7,2,2020-07-05
1123,1123,compra,sabritas,2,6,2020-07-06
1124,1124,venta,sabritas,2,10,2020-07-06
1125,1125,compra,chocolate,9,7,2020-07-06
1126,1126,venta,pinguinos,5,11,2020-07-06
1127,1127,venta,boing,1,11,2020-07-06
1128,1128,compra,gansito,1,5,2020-07-06
1129,1129,compra,chocolate,4,6,2020-07-07
1130,1130,venta,boing,2,9,2020-07-07
1131,1131,venta,pinguinos,1,9,2020-07-07
1132,1132,venta,sabritas,4,11,2020-07-07
1133,1133,venta,pizza,9,12,2020-07-07
1134,1134,venta,gatorade,4,12,2020-07-07
1135,1136,compra,galletas,9,5,2020-07-08
1136,1136,compra,chicles,2,0,2020-07-08
1137,1138,compra,gatorade,7,7,2020-07-08
1138,1138,venta,gatorade,6,12,2020-07-08
1139,1139,compra,galletas,7,4,2020-07-08
1140,1141,compra,galletas,8,3,2020-07-08
1141,1141,venta,palomitas,1,9,2020-07-09
1142,1142,venta,palomitas,3,10,2020-07-09
1143,1144,venta,pizza,1,12,2020-07-09
1144,1144,venta,gansito,2,9,2020-07-09
1145,1145,compra,chocolate,7,4,2020-07-09
1146,1146,venta,chocolate,6,12,2020-07-09
1147,1147,venta,boing,7,10,2020-07-10
1148,1148,venta,chocolate,1,12,2020-07-10
1149,1150,venta,gatorade,2,12,2020-07-10
1150,1150,venta,boing,3,11,2020-07-10
1151,1151,venta,palomitas,1,12,2020-07-10
1152,1152,compra,gatorade,5,7,2020-07-10
1153,1153,compra,pizza,4,7,2020-07-11
1154,1154,venta,chocolate,4,10,2020-07-11
1155,1155,compra,pinguinos,9,7,2020-07-11
1156,1156,compra,pizza,8,7,2020-07-11
1157,1157,compra,sabritas,7,5,2020-07-11
1158,1158,venta,palomitas,2,8,2020-07-11
1159,1160,compra,gansito,7,7,2020-07-12
1160,1161,venta,palomitas,7,12,2020-07-12
1161,1161,compra,sabritas,10,7,2020-07-12
1162,1162,venta,chocolate,1,10,2020-07-12
1163,1164,compra,sabritas,4,4,2020-07-12
1164,1164,venta,sabritas,2,9,2020-07-12
1165,1165,venta,boing,1,12,2020-07-13
1166,1166,compra,chicles,7,0,2020-07-13
1167,1167,venta,gatorade,3,12,2020-07-13
1168,1168,compra,boing,7,4,2020-07-13
1169,1170,compra,chocolate,7,6,2020-07-13
1170,1170,compra,galletas,8,3,2020-07-13
1171,1171,venta,galletas,3,12,2020-07-14
1172,1172,venta,gansito,1,9,2020-07-14
1173,1173,compra,pinguinos,10,5,2020-07-14
1174,1174,compra,chocolate,9,7,2020-07-14
1175,1175,compra,pinguinos,7,4,2020-07-14
1176,1176,compra,pizza,5,7,2020-07-14
1177,1177,compra,galletas,9,4,2020-07-15
1178,1178,compra,pizza,2,7,2020-07-15
1179,1179,venta,chicles,4,4,2020-07-15
1180,1180,venta,chicles,1,3,2020-07-15
1181,1181,compra,gatorade,10,7,2020-07-15
1182,1182,venta,pinguinos,2,10,2020-07-15
1183,1183,venta,gatorade,2,12,2020-07-16
1184,1184,venta,gansito,10,12,2020-07-16
1185,1185,venta,pinguinos,1,10,2020-07-16
1186,1187,venta,palomitas,3,6,2020-07-16
1187,1187,compra,chicles,4,2,2020-07-16
1188,1188,compra,boing,10,7,2020-07-16
1189,1189,venta,palomitas,1,12,2020-07-17
1190,1190,venta,chocolate,1,9,2020-07-17
1191,1191,compra,chocolate,8,7,2020-07-17
1192,1192,compra,boing,4,7,2020-07-17
1193,1193,venta,pinguinos,5,12,2020-07-17
1194,1194,venta,chicles,1,7,2020-07-17
1195,1195,compra,chocolate,5,5,2020-07-18
1196,1196,venta,boing,1,11,2020-07-18
1197,1197,venta,chocolate,2,12,2020-07-18
1198,1198,venta,sabritas,4,12,2020-07-18
1199,1199,compra,boing,10,2,2020-07-18
1200,1200,compra,chocolate,4,5,2020-07-18
1201,1201,compra,boing,1,7,2020-07-19
1202,1202,venta,chicles,1,4,2020-07-19
1203,1204,venta,chicles,1,5,2020-07-19
1204,1204,venta,boing,10,10,2020-07-19
1205,1205,compra,sabritas,1,5,2020-07-19
1206,1206,venta,galletas,9,9,2020-07-19
1207,1207,compra,pinguinos,9,6,2020-07-20
1208,1208,venta,pizza,3,12,2020-07-20
1209,1210,venta,chicles,4,3,2020-07-20
1210,1211,compra,pizza,3,7,2020-07-20
1211,1211,compra,pizza,6,7,2020-07-20
1212,1212,compra,boing,9,4,2020-07-20
1213,1213,compra,boing,2,7,2020-07-21
1214,1214,compra,galletas,6,4,2020-07-21
1215,1215,compra,gansito,2,7,2020-07-21
1216,1216,venta,galletas,10,11,2020-07-21
1217,1218,venta,gatorade,3,11,2020-07-21
1218,1218,venta,pinguinos,1,7,2020-07-21
1219,1219,compra,chocolate,4,3,2020-07-22
1220,1220,compra,gansito,9,2,2020-07-22
1221,1221,compra,pinguinos,10,7,2020-07-22
1222,1222,venta,gatorade,2,12,2020-07-22
1223,1223,venta,pizza,3,12,2020-07-22
1224,1224,venta,chocolate,4,7,2020-07-22
1225,1225,venta,sabritas,1,12,2020-07-23
1226,1226,compra,chicles,4,3,2020-07-23
1227,1228,venta,gatorade,2,12,2020-07-23
1228,1228,venta,palomitas,2,6,2020-07-23
1229,1229,compra,galletas,5,7,2020-07-23
1230,1230,venta,chicles,2,4,2020-07-23
1231,1231,venta,gatorade,1,11,2020-07-24
1232,1232,compra,gansito,7,5,2020-07-24
1233,1233,compra,chicles,3,2,2020-07-24
1234,1234,venta,gansito,5,8,2020-07-24
1235,1235,compra,sabritas,1,5,2020-07-24
1236,1236,venta,sabritas,1,10,2020-07-24
1237,1237,compra,palomitas,10,6,2020-07-25
1238,1238,compra,sabritas,9,2,2020-07-25
1239,1239,compra,gansito,9,4,2020-07-25
1240,1240,venta,pizza,1,12,2020-07-25
1241,1241,compra,boing,9,6,2020-07-25
1242,1242,compra,pinguinos,10,4,2020-07-25
1243,1243,venta,pizza,1,12,2020-07-26
1244,1244,compra,gansito,7,5,2020-07-26
1245,1246,compra,sabritas,10,7,2020-07-26
1246,1246,venta,palomitas,1,9,2020-07-26
1247,1247,venta,palomitas,2,12,2020-07-26
1248,1248,venta,boing,2,12,2020-07-26
1249,1249,venta,gansito,2,9,2020-07-27
1250,1250,venta,palomitas,6,12,2020-07-27
1251,1251,venta,sabritas,7,12,2020-07-27
1252,1252,venta,pinguinos,1,12,2020-07-27
1253,1253,venta,galletas,7,11,2020-07-27
1254,1254,venta,sabritas,1,11,2020-07-27
1255,1255,compra,palomitas,5,3,2020-07-28
1256,1256,venta,sabritas,2,8,2020-07-28
1257,1257,venta,chicles,3,5,2020-07-28
1258,1258,venta,boing,1,8,2020-07-28
1259,1260,venta,palomitas,3,11,2020-07-28
1260,1260,venta,pizza,6,12,2020-07-28
1261,1261,compra,boing,10,3,2020-07-29
1262,1262,venta,palomitas,3,6,2020-07-29
1263,1263,venta,sabritas,3,12,2020-07-29
1264,1264,venta,chicles,3,4,2020-07-29
1265,1265,venta,palomitas,4,11,2020-07-29
1266,1266,venta,palomitas,3,11,2020-07-29
1267,1267,compra,gatorade,9,6,2020-07-30
1268,1268,compra,chocolate,8,3,2020-07-30
1269,1270,compra,gansito,3,6,2020-07-30
1270,1270,venta,chocolate,4,7,2020-07-30
1271,1271,compra,pinguinos,5,5,2020-07-30
1272,1272,compra,sabritas,6,5,2020-07-30
1273,1274,compra,pizza,5,7,2020-07-31
1274,1275,compra,pizza,5,7,2020-07-31
1275,1275,compra,chicles,6,1,2020-07-31
1276,1276,compra,pizza,9,7,2020-07-31
1277,1278,venta,pizza,1,12,2020-07-31
1278,1278,compra,gatorade,9,7,2020-07-31
1279,1279,compra,pizza,5,7,2020-08-01
1280,1280,compra,pinguinos,9,3,2020-08-01
1281,1282,venta,galletas,3,10,2020-08-01
1282,1282,venta,boing,9,9,2020-08-01
1283,1283,venta,sabritas,4,11,2020-08-01
1284,1284,compra,galletas,7,7,2020-08-01
1285,1286,compra,chocolate,7,6,2020-08-02
1286,1286,venta,pinguinos,4,7,2020-08-02
1287,1287,venta,galletas,2,10,2020-08-02
1288,1288,compra,chicles,9,4,2020-08-02
1289,1290,venta,chocolate,1,12,2020-08-02
1290,1290,compra,pizza,7,7,2020-08-02
1291,1291,compra,palomitas,6,7,2020-08-03
1292,1292,venta,chocolate,6,12,2020-08-03
1293,1293,venta,gatorade,4,11,2020-08-03
1294,1295,venta,galletas,8,9,2020-08-03
1295,1295,venta,sabritas,3,11,2020-08-03
1296,1296,venta,pizza,8,12,2020-08-03
1297,1297,venta,chicles,1,8,2020-08-04
1298,1298,compra,palomitas,9,2,2020-08-04
1299,1299,compra,sabritas,8,3,2020-08-04
1300,1300,compra,pizza,4,7,2020-08-04
1301,1301,venta,pizza,7,12,2020-08-04
1302,1303,compra,gatorade,4,7,2020-08-04
1303,1303,venta,chocolate,3,8,2020-08-05
1304,1304,venta,gatorade,6,12,2020-08-05
1305,1305,venta,boing,2,10,2020-08-05
1306,1306,compra,sabritas,8,5,2020-08-05
1307,1308,compra,chicles,9,1,2020-08-05
1308,1308,compra,gatorade,4,6,2020-08-05
1309,1309,compra,gansito,7,6,2020-08-06
1310,1311,venta,gatorade,3,11,2020-08-06
1311,1311,compra,sabritas,2,4,2020-08-06
1312,1312,compra,gansito,5,6,2020-08-06
1313,1314,compra,galletas,1,6,2020-08-06
1314,1314,compra,gansito,4,7,2020-08-06
1315,1315,compra,sabritas,6,7,2020-08-07
1316,1317,venta,chicles,1,3,2020-08-07
1317,1317,compra,gatorade,6,6,2020-08-07
1318,1318,venta,palomitas,7,12,2020-08-07
1319,1319,compra,galletas,8,6,2020-08-07
1320,1321,compra,pinguinos,3,3,2020-08-07
1321,1321,compra,sabritas,2,5,2020-08-08
1322,1322,compra,chicles,5,1,2020-08-08
1323,1323,venta,boing,9,9,2020-08-08
1324,1324,compra,sabritas,10,7,2020-08-08
1325,1325,venta,palomitas,1,12,2020-08-08
1326,1326,compra,chicles,6,1,2020-08-08
1327,1327,compra,chicles,9,3,2020-08-09
1328,1328,compra,chocolate,4,4,2020-08-09
1329,1329,venta,gansito,1,9,2020-08-09
1330,1330,venta,pizza,3,12,2020-08-09
1331,1331,venta,boing,2,9,2020-08-09
1332,1332,venta,boing,1,9,2020-08-09
1333,1333,compra,pinguinos,6,3,2020-08-10
1334,1334,venta,pizza,3,12,2020-08-10
1335,1335,compra,chicles,5,0,2020-08-10
1336,1337,compra,pinguinos,1,5,2020-08-10
1337,1337,venta,gatorade,1,12,2020-08-10
1338,1338,compra,galletas,7,6,2020-08-10
1339,1339,compra,pinguinos,2,4,2020-08-11
1340,1340,venta,palomitas,1,8,2020-08-11
1341,1341,compra,chicles,5,0,2020-08-11
1342,1342,venta,sabritas,6,8,2020-08-11
1343,1343,compra,palomitas,8,7,2020-08-11
1344,1344,venta,chocolate,6,11,2020-08-11
1345,1346,compra,palomitas,9,4,2020-08-12
1346,1346,compra,boing,8,3,2020-08-12
1347,1347,compra,gansito,8,5,2020-08-12
1348,1348,venta,palomitas,4,10,2020-08-12
1349,1349,compra,sabritas,4,6,2020-08-12
1350,1350,compra,gansito,1,4,2020-08-12
1351,1351,venta,gatorade,2,12,2020-08-13
1352,1352,venta,galletas,2,10,2020-08-13
1353,1353,venta,chocolate,3,11,2020-08-13
1354,1354,compra,galletas,6,3,2020-08-13
1355,1355,compra,gansito,3,4,2020-08-13
1356,1356,compra,gansito,6,4,2020-08-13
1357,1357,compra,pinguinos,8,7,2020-08-14
1358,1358,venta,gansito,5,12,2020-08-14
1359,1359,compra,chocolate,7,6,2020-08-14
1360,1360,venta,chocolate,1,10,2020-08-14
1361,1361,venta,boing,5,11,2020-08-14
1362,1362,venta,chocolate,5,8,2020-08-14
1363,1363,compra,gatorade,6,7,2020-08-15
1364,1364,venta,galletas,3,11,2020-08-15
1365,1365,compra,gatorade,5,6,2020-08-15
1366,1366,compra,gatorade,6,7,2020-08-15
1367,1367,venta,pinguinos,6,11,2020-08-15
1368,1368,compra,pizza,8,7,2020-08-15
1369,1369,compra,galletas,9,7,2020-08-16
1370,1370,compra,chicles,4,0,2020-08-16
1371,1372,compra,sabritas,1,7,2020-08-16
1372,1372,compra,pizza,7,7,2020-08-16
1373,1373,venta,pinguinos,9,9,2020-08-16
1374,1374,venta,pinguinos,1,12,2020-08-16
1375,1375,compra,palomitas,6,4,2020-08-17
1376,1376,venta,galletas,1,10,2020-08-17
1377,1377,venta,boing,3,10,2020-08-17
1378,1378,venta,galletas,6,11,2020-08-17
1379,1379,venta,palomitas,3,7,2020-08-17
1380,1380,venta,chicles,1,6,2020-08-17
1381,1381,compra,chocolate,4,6,2020-08-18
1382,1382,compra,gatorade,7,7,2020-08-18
1383,1384,compra,sabritas,4,4,2020-08-18
1384,1384,venta,pinguinos,2,11,2020-08-18
1385,1385,compra,gatorade,7,7,2020-08-18
1386,1386,venta,sabritas,3,11,2020-08-18
1387,1388,compra,galletas,8,7,2020-08-19
1388,1388,compra,pizza,7,7,2020-08-19
1389,1389,compra,gansito,7,6,2020-08-19
1390,1391,venta,sabritas,2,11,2020-08-19
1391,1391,compra,chocolate,6,3,2020-08-19
1392,1392,venta,palomitas,10,11,2020-08-19
1393,1394,compra,pinguinos,7,5,2020-08-20
1394,1394,venta,pinguinos,2,8,2020-08-20
1395,1395,compra,pizza,7,7,2020-08-20
1396,1396,venta,gatorade,2,12,2020-08-20
1397,1397,venta,pinguinos,8,8,2020-08-20
1398,1398,compra,sabritas,9,5,2020-08-20
1399,1399,compra,galletas,4,5,2020-08-21
1400,1400,compra,palomitas,2,7,2020-08-21
1401,1401,venta,pizza,4,12,2020-08-21
1402,1402,compra,palomitas,7,5,2020-08-21
1403,1403,compra,chicles,8,1,2020-08-21
1404,1405,venta,pinguinos,1,12,2020-08-21
1405,1405,venta,chocolate,7,8,2020-08-22
1406,1406,venta,boing,1,11,2020-08-22
1407,1407,compra,gatorade,9,7,2020-08-22
1408,1408,venta,boing,4,12,2020-08-22
1409,1409,compra,pizza,2,7,2020-08-22
1410,1410,compra,boing,3,4,2020-08-22
1411,1411,venta,boing,3,12,2020-08-23
1412,1412,compra,boing,7,6,2020-08-23
1413,1413,venta,sabritas,1,12,2020-08-23
1414,1415,venta,boing,3,11,2020-08-23
1415,1415,compra,sabritas,1,5,2020-08-23
1416,1417,compra,gansito,10,5,2020-08-23
1417,1417,venta,gatorade,5,12,2020-08-24
1418,1419,compra,pizza,6,7,2020-08-24
1419,1419,venta,chicles,2,5,2020-08-24
1420,1420,compra,palomitas,2,7,2020-08-24
1421,1422,compra,gatorade,6,7,2020-08-24
1422,1422,venta,palomitas,5,12,2020-08-24
1423,1423,compra,chicles,6,0,2020-08-25
1424,1424,venta,pinguinos,9,9,2020-08-25
1425,1426,compra,boing,7,3,2020-08-25
1426,1427,venta,palomitas,1,12,2020-08-25
1427,1427,venta,gansito,1,12,2020-08-25
1428,1429,venta,boing,6,9,2020-08-25
1429,1429,venta,pizza,9,12,2020-08-26
1430,1430,venta,sabritas,5,9,2020-08-26
1431,1432,compra,palomitas,7,4,2020-08-26
1432,1433,compra,palomitas,10,3,2020-08-26
1433,1433,compra,gatorade,5,6,2020-08-26
1434,1435,compra,pizza,10,7,2020-08-26
1435,1435,venta,chicles,2,7,2020-08-27
1436,1436,compra,pinguinos,5,4,2020-08-27
1437,1437,compra,boing,9,2,2020-08-27
1438,1438,venta,chocolate,2,7,2020-08-27
1439,1439,compra,gansito,9,2,2020-08-27
1440,1440,compra,galletas,6,3,2020-08-27
1441,1441,compra,pizza,3,7,2020-08-28
1442,1442,compra,sabritas,8,6,2020-08-28
1443,1443,compra,boing,1,7,2020-08-28
1444,1444,compra,boing,9,3,2020-08-28
1445,1445,venta,gansito,6,12,2020-08-28
1446,1446,compra,gatorade,2,7,2020-08-28
1447,1448,compra,pizza,8,7,2020-08-29
1448,1448,compra,sabritas,3,5,2020-08-29
1449,1449,venta,pizza,4,12,2020-08-29
1450,1450,compra,gansito,4,7,2020-08-29
1451,1451,venta,chicles,3,3,2020-08-29
1452,1452,compra,chicles,8,0,2020-08-29
1453,1453,venta,boing,1,10,2020-08-30
1454,1454,venta,chicles,2,4,2020-08-30
1455,1455,venta,gatorade,6,12,2020-08-30
1456,1456,venta,chicles,2,4,2020-08-30
1457,1457,venta,gatorade,1,12,2020-08-30
1458,1459,venta,sabritas,1,10,2020-08-30
1459,1459,compra,chicles,7,1,2020-08-31
1460,1460,venta,sabritas,3,11,2020-08-31
1461,1462,compra,palomitas,4,4,2020-08-31
1462,1462,venta,sabritas,5,10,2020-08-31
1463,1463,venta,pinguinos,1,10,2020-08-31
1464,1464,compra,chicles,9,2,2020-08-31
1465,1465,venta,galletas,10,9,2020-09-01
1466,1466,venta,pizza,2,12,2020-09-01
1467,1467,compra,pizza,4,7,2020-09-01
1468,1468,venta,palomitas,5,10,2020-09-01
1469,1469,compra,gansito,4,4,2020-09-01
1470,1470,venta,chicles,5,5,2020-09-01
1471,1471,compra,chocolate,2,6,2020-09-02
1472,1472,venta,pizza,1,12,2020-09-02
1473,1473,compra,palomitas,1,3,2020-09-02
1474,1474,compra,boing,6,4,2020-09-02
1475,1475,venta,pinguinos,5,12,2020-09-02
1476,1476,compra,sabritas,7,4,2020-09-02
1477,1477,compra,galletas,4,7,2020-09-03
1478,1478,compra,chicles,10,2,2020-09-03
1479,1479,venta,galletas,2,10,2020-09-03
1480,1481,compra,sabritas,2,7,2020-09-03
1481,1482,compra,sabritas,7,6,2020-09-03
1482,1482,venta,pizza,5,12,2020-09-03
1483,1484,compra,gansito,7,7,2020-09-04
1484,1484,compra,chocolate,9,4,2020-09-04
1485,1486,compra,sabritas,7,5,2020-09-04
1486,1486,venta,palomitas,1,10,2020-09-04
1487,1487,compra,boing,6,3,2020-09-04
1488,1488,venta,sabritas,3,12,2020-09-04
1489,1489,venta,pinguinos,1,10,2020-09-05
1490,1490,venta,chocolate,6,11,2020-09-05
1491,1491,compra,galletas,2,6,2020-09-05
1492,1492,venta,pizza,1,12,2020-09-05
1493,1493,venta,boing,1,8,2020-09-05
1494,1494,compra,chicles,10,1,2020-09-05
1495,1495,venta,pizza,3,12,2020-09-06
1496,1496,compra,gansito,7,3,2020-09-06
1497,1497,compra,pizza,7,7,2020-09-06
1498,1499,compra,pinguinos,6,6,2020-09-06
1499,1499,compra,chocolate,5,3,2020-09-06
1500,1500,compra,pinguinos,10,5,2020-09-06
1501,1501,venta,chocolate,1,7,2020-09-07
1502,1503,venta,gansito,6,11,2020-09-07
1503,1504,venta,boing,6,11,2020-09-07
1504,1504,compra,chicles,5,2,2020-09-07
1505,1506,compra,palomitas,8,3,2020-09-07
1506,1506,compra,galletas,4,5,2020-09-07
1507,1507,compra,gatorade,8,7,2020-09-08
1508,1508,compra,galletas,5,6,2020-09-08
1509,1510,compra,sabritas,10,5,2020-09-08
1510,1510,venta,sabritas,10,11,2020-09-08
1511,1511,compra,galletas,8,6,2020-09-08
1512,1513,compra,boing,1,5,2020-09-08
1513,1513,compra,sabritas,5,5,2020-09-09
1514,1514,venta,gatorade,2,11,2020-09-09
1515,1515,compra,gansito,7,2,2020-09-09
1516,1516,compra,pizza,7,7,2020-09-09
1517,1517,venta,gansito,6,12,2020-09-09
1518,1518,compra,pinguinos,9,6,2020-09-09
1519,1519,venta,pizza,5,12,2020-09-10
1520,1520,venta,gatorade,1,12,2020-09-10
1521,1521,venta,sabritas,3,10,2020-09-10
1522,1522,venta,pinguinos,9,11,2020-09-10
1523,1523,compra,gansito,7,6,2020-09-10
1524,1524,venta,boing,3,12,2020-09-10
1525,1525,compra,palomitas,7,1,2020-09-11
1526,1526,compra,galletas,8,6,2020-09-11
1527,1527,venta,boing,7,12,2020-09-11
1528,1529,venta,palomitas,4,12,2020-09-11
1529,1530,compra,gansito,10,7,2020-09-11
1530,1530,venta,galletas,10,8,2020-09-11
1531,1531,compra,pizza,5,7,2020-09-12
1532,1532,compra,gatorade,4,7,2020-09-12
1533,1534,compra,chicles,3,1,2020-09-12
1534,1534,venta,palomitas,10,12,2020-09-12
1535,1535,compra,pizza,8,7,2020-09-12
1536,1536,venta,pinguinos,2,9,2020-09-12
1537,1537,venta,pinguinos,3,8,2020-09-13
1538,1538,venta,gansito,1,11,2020-09-13
1539,1539,compra,chocolate,6,6,2020-09-13
1540,1541,venta,sabritas,2,12,2020-09-13
1541,1542,venta,chicles,9,5,2020-09-13
1542,1543,venta,pizza,4,12,2020-09-13
1543,1543,compra,chocolate,7,7,2020-09-14
1544,1545,venta,gansito,2,8,2020-09-14
1545,1546,venta,palomitas,6,12,2020-09-14
1546,1546,compra,galletas,5,5,2020-09-14
1547,1547,compra,palomitas,10,3,2020-09-14
1548,1548,compra,palomitas,7,7,2020-09-14
1549,1550,compra,sabritas,8,6,2020-09-15
1550,1551,compra,galletas,10,6,2020-09-15
1551,1552,venta,chocolate,2,11,2020-09-15
1552,1552,compra,palomitas,7,3,2020-09-15
1553,1554,venta,gansito,3,12,2020-09-15
1554,1555,venta,sabritas,4,12,2020-09-15
1555,1555,compra,chicles,4,0,2020-09-16
1556,1556,compra,gatorade,6,7,2020-09-16
1557,1557,compra,galletas,5,5,2020-09-16
1558,1559,venta,gansito,2,12,2020-09-16
1559,1559,venta,palomitas,9,11,2020-09-16
1560,1560,compra,pizza,6,7,2020-09-16
1561,1561,compra,palomitas,6,6,2020-09-17
1562,1563,venta,chicles,2,3,2020-09-17
1563,1563,venta,boing,3,9,2020-09-17
1564,1564,compra,palomitas,10,2,2020-09-17
1565,1565,compra,boing,6,7,2020-09-17
1566,1566,compra,gatorade,7,6,2020-09-17
1567,1567,venta,gansito,1,7,2020-09-18
1568,1568,venta,pinguinos,3,9,2020-09-18
1569,1569,compra,pinguinos,4,5,2020-09-18
1570,1570,compra,galletas,2,4,2020-09-18
1571,1571,venta,chocolate,1,11,2020-09-18
1572,1572,venta,chocolate,10,10,2020-09-18
1573,1574,venta,chicles,8,3,2020-09-19
1574,1575,compra,chicles,4,1,2020-09-19
1575,1575,venta,pinguinos,3,11,2020-09-19
1576,1576,venta,gatorade,9,12,2020-09-19
1577,1577,venta,galletas,1,9,2020-09-19
1578,1578,compra,boing,10,6,2020-09-19
1579,1579,venta,galletas,5,12,2020-09-20
1580,1580,compra,boing,2,5,2020-09-20
1581,1582,compra,gatorade,7,7,2020-09-20
1582,1582,venta,gatorade,9,12,2020-09-20
1583,1584,venta,galletas,1,12,2020-09-20
1584,1584,compra,gatorade,8,7,2020-09-20
1585,1585,venta,gansito,4,10,2020-09-21
1586,1586,venta,galletas,4,10,2020-09-21
1587,1587,venta,gatorade,3,11,2020-09-21
1588,1589,venta,chicles,1,4,2020-09-21
1589,1589,venta,galletas,8,8,2020-09-21
1590,1590,venta,boing,2,12,2020-09-21
1591,1591,venta,pizza,1,12,2020-09-22
1592,1592,venta,gansito,3,8,2020-09-22
1593,1593,venta,gansito,1,7,2020-09-22
1594,1594,compra,pizza,5,7,2020-09-22
1595,1595,compra,sabritas,2,5,2020-09-22
1596,1596,venta,boing,7,11,2020-09-22
1597,1597,compra,pinguinos,6,5,2020-09-23
1598,1598,venta,gansito,5,10,2020-09-23
1599,1599,compra,gatorade,8,7,2020-09-23
1600,1600,venta,chocolate,6,9,2020-09-23
1601,1601,compra,gansito,5,5,2020-09-23
1602,1602,compra,chocolate,8,2,2020-09-23
1603,1603,compra,chicles,10,0,2020-09-24
1604,1604,compra,pizza,3,7,2020-09-24
1605,1605,venta,palomitas,2,12,2020-09-24
1606,1606,compra,palomitas,10,1,2020-09-24
1607,1607,compra,palomitas,7,7,2020-09-24
1608,1609,venta,chicles,6,4,2020-09-24
1609,1609,venta,pinguinos,3,11,2020-09-25
1610,1611,venta,chocolate,3,9,2020-09-25
1611,1611,venta,galletas,1,12,2020-09-25
1612,1613,compra,chocolate,5,4,2020-09-25
1613,1613,venta,galletas,3,11,2020-09-25
1614,1615,venta,galletas,5,12,2020-09-25
1615,1615,compra,chocolate,9,2,2020-09-26
1616,1616,venta,chocolate,7,12,2020-09-26
1617,1617,venta,chicles,1,5,2020-09-26
1618,1618,venta,sabritas,1,11,2020-09-26
1619,1619,venta,chicles,1,3,2020-09-26
1620,1620,venta,pizza,1,12,2020-09-26
1621,1622,compra,pinguinos,9,4,2020-09-27
1622,1622,compra,boing,8,5,2020-09-27
1623,1623,venta,gansito,1,8,2020-09-27
1624,1625,compra,gatorade,8,7,2020-09-27
1625,1625,venta,chicles,1,5,2020-09-27
1626,1626,compra,chicles,5,1,2020-09-27
1627,1627,compra,pinguinos,7,3,2020-09-28
1628,1628,venta,galletas,3,9,2020-09-28
1629,1629,compra,pinguinos,4,4,2020-09-28
1630,1630,compra,boing,9,6,2020-09-28
1631,1631,compra,gansito,9,6,2020-09-28
1632,1632,venta,galletas,9,8,2020-09-28
1633,1633,venta,boing,4,11,2020-09-29
1634,1634,venta,galletas,1,11,2020-09-29
1635,1636,venta,chicles,3,8,2020-09-29
1636,1636,compra,chocolate,10,3,2020-09-29
1637,1637,venta,palomitas,2,10,2020-09-29
1638,1638,venta,galletas,2,11,2020-09-29
1639,1639,venta,pinguinos,1,9,2020-09-30
1640,1640,venta,sabritas,9,7,2020-09-30
1641,1641,compra,pinguinos,7,4,2020-09-30
1642,1643,compra,sabritas,10,5,2020-09-30
1643,1643,venta,chicles,8,3,2020-09-30
1644,1644,compra,pinguinos,3,4,2020-09-30
1645,1645,venta,pizza,6,12,2020-10-01
1646,1646,venta,galletas,1,10,2020-10-01
1647,1647,venta,pizza,1,12,2020-10-01
1648,1648,compra,pinguinos,6,6,2020-10-01
1649,1649,venta,chicles,2,3,2020-10-01
1650,1650,venta,pizza,4,12,2020-10-01
1651,1652,compra,gatorade,10,6,2020-10-02
1652,1652,venta,palomitas,3,12,2020-10-02
1653,1653,venta,galletas,1,10,2020-10-02
1654,1654,venta,galletas,4,10,2020-10-02
1655,1655,venta,sabritas,6,11,2020-10-02
1656,1656,compra,boing,6,4,2020-10-02
1657,1657,venta,galletas,5,10,2020-10-03
1658,1659,compra,gansito,10,7,2020-10-03
1659,1659,venta,galletas,2,11,2020-10-03
1660,1661,compra,sabritas,8,5,2020-10-03
1661,1661,venta,gatorade,4,12,2020-10-03
1662,1662,compra,galletas,8,4,2020-10-03
1663,1663,venta,gansito,1,8,2020-10-04
1664,1664,compra,galletas,1,5,2020-10-04
1665,1665,venta,gansito,1,9,2020-10-04
1666,1666,venta,gatorade,2,12,2020-10-04
1667,1667,venta,chocolate,1,12,2020-10-04
1668,1669,venta,pizza,5,12,2020-10-04
1669,1669,venta,palomitas,3,11,2020-10-05
1670,1670,venta,boing,1,9,2020-10-05
1671,1672,venta,gatorade,1,12,2020-10-05
1672,1672,compra,chocolate,6,2,2020-10-05
1673,1673,compra,gatorade,6,7,2020-10-05
1674,1674,compra,pizza,6,7,2020-10-05
1675,1675,venta,chicles,1,4,2020-10-06
1676,1677,compra,pinguinos,10,5,2020-10-06
1677,1678,compra,chocolate,6,5,2020-10-06
1678,1679,venta,pinguinos,4,11,2020-10-06
1679,1679,compra,gansito,6,6,2020-10-06
1680,1680,venta,chicles,4,4,2020-10-06
1681,1682,venta,gansito,2,12,2020-10-07
1682,1682,venta,pinguinos,2,10,2020-10-07
1683,1683,compra,gansito,9,7,2020-10-07
1684,1685,compra,chocolate,7,7,2020-10-07
1685,1685,compra,gansito,9,7,2020-10-07
1686,1687,compra,chocolate,4,6,2020-10-07
1687,1687,venta,chocolate,3,11,2020-10-08
1688,1688,venta,pizza,2,12,2020-10-08
1689,1689,compra,gansito,2,6,2020-10-08
1690,1691,venta,palomitas,4,12,2020-10-08
1691,1692,compra,boing,5,7,2020-10-08
1692,1692,compra,palomitas,5,2,2020-10-08
1693,1694,compra,boing,6,4,2020-10-09
1694,1694,venta,chicles,6,6,2020-10-09
1695,1695,venta,pinguinos,9,11,2020-10-09
1696,1696,compra,boing,8,7,2020-10-09
1697,1697,compra,gansito,3,2,2020-10-09
1698,1698,compra,gatorade,9,6,2020-10-09
1699,1699,compra,palomitas,7,7,2020-10-10
1700,1700,venta,gatorade,3,12,2020-10-10
1701,1701,venta,pinguinos,2,8,2020-10-10
1702,1702,venta,palomitas,10,11,2020-10-10
1703,1703,compra,pizza,8,7,2020-10-10
1704,1705,venta,galletas,2,9,2020-10-10
1705,1706,compra,galletas,7,3,2020-10-11
1706,1706,compra,gansito,8,4,2020-10-11
1707,1707,compra,gansito,8,5,2020-10-11
1708,1708,venta,sabritas,2,8,2020-10-11
1709,1709,venta,pinguinos,1,9,2020-10-11
1710,1710,venta,boing,4,12,2020-10-11
1711,1711,compra,palomitas,2,4,2020-10-12
1712,1712,compra,palomitas,4,7,2020-10-12
1713,1713,venta,gatorade,1,12,2020-10-12
1714,1714,compra,chocolate,4,4,2020-10-12
1715,1715,compra,palomitas,6,5,2020-10-12
1716,1717,venta,palomitas,2,10,2020-10-12
1717,1717,venta,pizza,4,12,2020-10-13
1718,1718,venta,boing,6,10,2020-10-13
1719,1719,venta,chocolate,9,10,2020-10-13
1720,1720,compra,chocolate,6,6,2020-10-13
1721,1721,compra,chicles,6,0,2020-10-13
1722,1722,venta,chocolate,1,7,2020-10-13
1723,1723,compra,sabritas,5,5,2020-10-14
1724,1725,compra,gatorade,5,7,2020-10-14
1725,1725,venta,galletas,3,12,2020-10-14
1726,1726,compra,chicles,8,2,2020-10-14
1727,1728,venta,pinguinos,4,9,2020-10-14
1728,1728,compra,galletas,6,3,2020-10-14
1729,1729,venta,pinguinos,6,10,2020-10-15
1730,1730,compra,sabritas,5,4,2020-10-15
1731,1732,compra,pinguinos,5,6,2020-10-15
1732,1733,compra,gatorade,5,7,2020-10-15
1733,1733,compra,chicles,6,0,2020-10-15
1734,1734,venta,gatorade,2,12,2020-10-15
1735,1735,venta,gansito,1,10,2020-10-16
1736,1736,compra,pizza,8,7,2020-10-16
1737,1737,compra,pinguinos,9,7,2020-10-16
1738,1738,venta,gatorade,3,12,2020-10-16
1739,1739,venta,chocolate,1,11,2020-10-16
1740,1740,venta,boing,2,11,2020-10-16
1741,1741,compra,galletas,6,5,2020-10-17
1742,1742,venta,pinguinos,3,12,2020-10-17
1743,1743,compra,pizza,7,7,2020-10-17
1744,1744,compra,pizza,3,7,2020-10-17
1745,1745,venta,pizza,9,12,2020-10-17
1746,1747,venta,chicles,9,5,2020-10-17
1747,1747,venta,galletas,3,11,2020-10-18
1748,1748,compra,sabritas,8,7,2020-10-18
1749,1749,venta,pizza,4,12,2020-10-18
1750,1750,compra,chicles,3,2,2020-10-18
1751,1751,compra,pinguinos,10,7,2020-10-18
1752,1752,venta,sabritas,1,10,2020-10-18
1753,1753,venta,pizza,9,12,2020-10-19
1754,1754,compra,sabritas,5,3,2020-10-19
1755,1755,compra,sabritas,4,7,2020-10-19
1756,1756,compra,galletas,9,5,2020-10-19
1757,1757,compra,gatorade,8,7,2020-10-19
1758,1758,compra,gansito,5,5,2020-10-19
1759,1759,compra,chocolate,4,7,2020-10-20
1760,1760,compra,pizza,8,7,2020-10-20
1761,1762,compra,gansito,2,6,2020-10-20
1762,1762,venta,gansito,9,9,2020-10-20
1763,1763,compra,boing,2,5,2020-10-20
1764,1764,compra,pinguinos,7,5,2020-10-20
1765,1766,venta,pinguinos,2,12,2020-10-21
1766,1766,venta,gansito,1,11,2020-10-21
1767,1767,compra,chicles,4,0,2020-10-21
1768,1768,compra,gansito,7,2,2020-10-21
1769,1769,venta,gansito,1,9,2020-10-21
1770,1770,venta,pinguinos,6,11,2020-10-21
1771,1772,compra,chocolate,4,7,2020-10-22
1772,1772,compra,gatorade,9,7,2020-10-22
1773,1773,compra,chocolate,5,5,2020-10-22
1774,1774,compra,gansito,8,7,2020-10-22
1775,1775,compra,pizza,5,7,2020-10-22
1776,1776,venta,pinguinos,6,8,2020-10-22
1777,1777,venta,sabritas,1,9,2020-10-23
1778,1779,compra,pinguinos,4,7,2020-10-23
1779,1779,venta,chicles,3,3,2020-10-23
1780,1780,compra,palomitas,7,6,2020-10-23
1781,1781,venta,palomitas,6,12,2020-10-23
1782,1782,venta,boing,6,9,2020-10-23
1783,1784,compra,gatorade,9,7,2020-10-24
1784,1784,venta,palomitas,1,11,2020-10-24
1785,1785,compra,chocolate,4,4,2020-10-24
1786,1787,compra,boing,5,5,2020-10-24
1787,1787,venta,galletas,1,10,2020-10-24
1788,1788,venta,gansito,10,12,2020-10-24
1789,1790,compra,boing,7,6,2020-10-25
1790,1790,compra,gansito,3,5,2020-10-25
1791,1791,venta,chocolate,1,10,2020-10-25
1792,1792,compra,galletas,4,6,2020-10-25
1793,1793,venta,boing,1,8,2020-10-25
1794,1794,venta,chicles,2,5,2020-10-25
1795,1795,compra,gatorade,2,6,2020-10-26
1796,1796,compra,chicles,5,2,2020-10-26
1797,1797,compra,boing,8,7,2020-10-26
1798,1798,venta,boing,1,11,2020-10-26
1799,1800,compra,galletas,8,4,2020-10-26
1800,1800,compra,pinguinos,7,7,2020-10-26
1801,1801,venta,chicles,1,3,2020-10-27
1802,1802,venta,gatorade,1,11,2020-10-27
1803,1803,venta,gatorade,2,11,2020-10-27
1804,1804,compra,palomitas,8,5,2020-10-27
1805,1805,venta,pizza,4,12,2020-10-27
1806,1807,compra,gansito,8,7,2020-10-27
1807,1807,compra,sabritas,8,7,2020-10-28
1808,1808,venta,palomitas,3,10,2020-10-28
1809,1809,compra,sabritas,8,6,2020-10-28
1810,1810,venta,chicles,4,4,2020-10-28
1811,1811,venta,gatorade,2,11,2020-10-28
1812,1812,compra,sabritas,9,7,2020-10-28
1813,1813,compra,sabritas,1,6,2020-10-29
1814,1814,compra,gansito,6,3,2020-10-29
1815,1815,venta,boing,3,8,2020-10-29
1816,1817,compra,pinguinos,6,5,2020-10-29
1817,1817,venta,palomitas,1,12,2020-10-29
1818,1818,venta,pizza,2,12,2020-10-29
1819,1820,compra,chocolate,5,2,2020-10-30
1820,1820,venta,palomitas,2,10,2020-10-30
1821,1821,venta,galletas,3,11,2020-10-30
1822,1822,compra,palomitas,8,6,2020-10-30
1823,1823,venta,sabritas,2,12,2020-10-30
1824,1824,compra,gansito,7,4,2020-10-30
1825,1825,compra,chocolate,5,4,2020-10-31
1826,1826,compra,chicles,9,2,2020-10-31
1827,1827,venta,chocolate,4,8,2020-10-31
1828,1828,venta,chicles,1,6,2020-10-31
1829,1830,venta,galletas,3,8,2020-10-31
1830,1830,venta,boing,1,11,2020-10-31
1831,1831,venta,gatorade,9,12,2020-11-01
1832,1833,venta,sabritas,1,7,2020-11-01
1833,1833,venta,pinguinos,6,9,2020-11-01
1834,1834,venta,chocolate,3,8,2020-11-01
1835,1835,compra,chicles,2,1,2020-11-01
1836,1836,compra,pinguinos,7,7,2020-11-01
1837,1837,venta,pizza,6,12,2020-11-02
1838,1838,venta,chicles,2,3,2020-11-02
1839,1839,venta,palomitas,1,9,2020-11-02
1840,1840,compra,galletas,9,5,2020-11-02
1841,1841,venta,palomitas,5,10,2020-11-02
1842,1843,venta,pinguinos,2,8,2020-11-02
1843,1843,compra,palomitas,8,6,2020-11-03
1844,1844,venta,gatorade,1,11,2020-11-03
1845,1846,compra,pizza,5,7,2020-11-03
1846,1846,venta,pinguinos,2,9,2020-11-03
1847,1848,venta,pizza,1,12,2020-11-03
1848,1848,venta,pizza,5,12,2020-11-03
1849,1849,compra,galletas,6,4,2020-11-04
1850,1850,compra,palomitas,7,7,2020-11-04
1851,1851,compra,gansito,1,5,2020-11-04
1852,1853,venta,sabritas,3,11,2020-11-04
1853,1853,compra,boing,7,3,2020-11-04
1854,1854,venta,chocolate,2,12,2020-11-04
1855,1856,compra,sabritas,10,7,2020-11-05
1856,1856,venta,pinguinos,4,9,2020-11-05
1857,1857,compra,boing,9,5,2020-11-05
1858,1858,venta,galletas,1,10,2020-11-05
1859,1859,compra,chocolate,5,4,2020-11-05
1860,1860,venta,gatorade,3,12,2020-11-05
1861,1861,venta,chicles,1,3,2020-11-06
1862,1862,compra,pinguinos,8,5,2020-11-06
1863,1863,compra,boing,7,4,2020-11-06
1864,1864,venta,pizza,1,12,2020-11-06
1865,1865,venta,gansito,1,8,2020-11-06
1866,1866,venta,chocolate,1,10,2020-11-06
1867,1867,venta,pizza,3,12,2020-11-07
1868,1868,compra,chocolate,6,5,2020-11-07
1869,1869,compra,gatorade,6,7,2020-11-07
1870,1870,compra,pinguinos,4,7,2020-11-07
1871,1872,compra,chocolate,4,6,2020-11-07
1872,1872,compra,palomitas,4,7,2020-11-07
1873,1873,venta,sabritas,1,9,2020-11-08
1874,1874,venta,boing,5,10,2020-11-08
1875,1875,venta,chocolate,1,10,2020-11-08
1876,1876,venta,gatorade,2,12,2020-11-08
1877,1877,compra,palomitas,5,7,2020-11-08
1878,1878,compra,sabritas,4,5,2020-11-08
1879,1879,venta,pinguinos,3,8,2020-11-09
1880,1880,compra,chicles,8,1,2020-11-09
1881,1881,venta,chicles,4,4,2020-11-09
1882,1882,compra,galletas,5,3,2020-11-09
1883,1883,compra,gansito,8,5,2020-11-09
1884,1885,venta,pizza,1,12,2020-11-09
1885,1885,venta,galletas,1,9,2020-11-10
1886,1886,venta,chocolate,2,10,2020-11-10
1887,1887,venta,pizza,4,12,2020-11-10
1888,1889,venta,galletas,8,10,2020-11-10
1889,1889,venta,boing,2,10,2020-11-10
1890,1890,venta,galletas,1,10,2020-11-10
1891,1892,venta,chocolate,4,10,2020-11-11
1892,1893,compra,palomitas,9,2,2020-11-11
1893,1893,compra,chicles,9,4,2020-11-11
1894,1894,compra,sabritas,10,3,2020-11-11
1895,1895,venta,palomitas,1,12,2020-11-11
1896,1896,venta,pizza,5,12,2020-11-11
1897,1897,venta,pizza,2,12,2020-11-12
1898,1898,compra,boing,6,4,2020-11-12
1899,1899,compra,gatorade,4,6,2020-11-12
1900,1900,venta,palomitas,4,8,2020-11-12
1901,1901,venta,gansito,3,10,2020-11-12
1902,1902,compra,pizza,8,7,2020-11-12
1903,1903,compra,gatorade,6,7,2020-11-13
1904,1904,venta,pizza,9,12,2020-11-13
1905,1905,compra,chicles,2,0,2020-11-13
1906,1906,compra,palomitas,7,5,2020-11-13
1907,1907,compra,pizza,3,7,2020-11-13
1908,1908,compra,galletas,7,4,2020-11-13
1909,1910,compra,gansito,7,3,2020-11-14
1910,1910,venta,gansito,3,11,2020-11-14
1911,1911,compra,palomitas,7,2,2020-11-14
1912,1912,compra,chicles,2,2,2020-11-14
1913,1913,venta,gansito,6,8,2020-11-14
1914,1914,compra,sabritas,10,7,2020-11-14
1915,1915,compra,chocolate,7,2,2020-11-15
1916,1916,venta,pizza,2,12,2020-11-15
1917,1918,compra,palomitas,7,7,2020-11-15
1918,1919,venta,palomitas,6,8,2020-11-15
1919,1919,compra,pizza,2,7,2020-11-15
1920,1920,compra,gatorade,3,7,2020-11-15
1921,1921,venta,gatorade,7,11,2020-11-16
1922,1923,compra,sabritas,10,7,2020-11-16
1923,1923,compra,boing,6,5,2020-11-16
1924,1924,compra,chicles,7,0,2020-11-16
1925,1925,compra,pizza,6,7,2020-11-16
1926,1926,compra,pizza,5,7,2020-11-16
1927,1928,compra,gatorade,4,6,2020-11-17
1928,1928,venta,gatorade,2,11,2020-11-17
1929,1929,compra,pizza,7,7,2020-11-17
1930,1931,compra,pizza,8,7,2020-11-17
1931,1931,venta,pinguinos,1,11,2020-11-17
1932,1932,venta,boing,1,11,2020-11-17
1933,1934,compra,palomitas,5,2,2020-11-18
1934,1935,venta,boing,2,12,2020-11-18
1935,1935,compra,chocolate,5,4,2020-11-18
1936,1936,venta,gatorade,6,12,2020-11-18
1937,1937,compra,palomitas,6,6,2020-11-18
1938,1938,venta,chicles,5,4,2020-11-18
1939,1939,compra,gansito,3,3,2020-11-19
1940,1940,venta,palomitas,3,10,2020-11-19
1941,1942,compra,pizza,10,7,2020-11-19
1942,1942,compra,palomitas,10,7,2020-11-19
1943,1943,compra,galletas,3,6,2020-11-19
1944,1944,compra,chocolate,6,7,2020-11-19
1945,1945,compra,pizza,8,7,2020-11-20
1946,1946,compra,pinguinos,4,5,2020-11-20
1947,1947,compra,gatorade,10,6,2020-11-20
1948,1948,compra,gansito,9,6,2020-11-20
1949,1949,venta,boing,1,9,2020-11-20
1950,1950,venta,gansito,4,12,2020-11-20
1951,1952,venta,pizza,2,12,2020-11-21
1952,1952,venta,gatorade,1,12,2020-11-21
1953,1954,compra,palomitas,8,6,2020-11-21
1954,1954,compra,boing,3,4,2020-11-21
1955,1955,venta,chicles,6,8,2020-11-21
1956,1956,venta,palomitas,7,8,2020-11-21
1957,1957,venta,palomitas,6,10,2020-11-22
1958,1959,venta,pinguinos,3,8,2020-11-22
1959,1960,compra,pinguinos,9,3,2020-11-22
1960,1960,compra,sabritas,8,2,2020-11-22
1961,1962,venta,palomitas,2,9,2020-11-22
1962,1962,venta,palomitas,4,8,2020-11-22
1963,1964,venta,chicles,3,4,2020-11-23
1964,1964,compra,gatorade,9,7,2020-11-23
1965,1965,compra,pinguinos,7,7,2020-11-23
1966,1966,venta,pinguinos,2,11,2020-11-23
1967,1967,compra,boing,8,4,2020-11-23
1968,1968,venta,sabritas,3,9,2020-11-23
1969,1969,venta,galletas,1,9,2020-11-24
1970,1970,venta,galletas,1,9,2020-11-24
1971,1971,venta,sabritas,2,12,2020-11-24
1972,1972,venta,pinguinos,4,10,2020-11-24
1973,1973,venta,palomitas,1,12,2020-11-24
1974,1974,compra,gansito,7,3,2020-11-24
1975,1975,venta,palomitas,4,12,2020-11-25
1976,1976,compra,gansito,4,6,2020-11-25
1977,1977,venta,sabritas,1,12,2020-11-25
1978,1978,compra,gansito,7,2,2020-11-25
1979,1979,venta,chocolate,1,7,2020-11-25
1980,1980,venta,pinguinos,7,9,2020-11-25
1981,1981,compra,pizza,7,7,2020-11-26
1982,1982,compra,palomitas,3,3,2020-11-26
1983,1984,venta,gansito,1,12,2020-11-26
1984,1984,compra,sabritas,7,4,2020-11-26
1985,1985,compra,gatorade,2,6,2020-11-26
1986,1986,venta,palomitas,5,7,2020-11-26
1987,1987,compra,pizza,8,7,2020-11-27
1988,1988,compra,sabritas,6,4,2020-11-27
1989,1989,venta,gansito,1,12,2020-11-27
1990,1990,venta,sabritas,1,8,2020-11-27
1991,1991,compra,chocolate,6,2,2020-11-27
1992,1992,compra,gatorade,6,7,2020-11-27
1993,1993,venta,sabritas,2,11,2020-11-28
1994,1994,compra,pizza,8,7,2020-11-28
1995,1995,venta,pizza,1,12,2020-11-28
1996,1996,venta,palomitas,2,7,2020-11-28
1997,1997,compra,gansito,7,5,2020-11-28
1998,1998,compra,boing,9,6,2020-11-28
1999,1999,compra,palomitas,8,5,2020-11-29
2000,2000,compra,pizza,10,7,2020-11-29
